1,Maelstrom,1,https://329115.smushcdn.com/1777109/wp-content/uploads/2019/08/Maelstrom-1.jpg?lossy=1&strip=1&webp=1,50,150,2018-08-18
2,Etain,1,https://329115.smushcdn.com/1777109/wp-content/uploads/2020/06/Etain.jpg?lossy=1&strip=1&webp=1,50,150,2020-06-15
3,Nyx,1,https://329115.smushcdn.com/1777109/wp-content/uploads/2019/12/Behemoth-scaled.jpg?lossy=1&strip=1&webp=1,55,200,2019-12-06
4,Echo,1,https://329115.smushcdn.com/1777109/wp-content/uploads/2019/12/Echo-1.jpg?lossy=1&strip=1&webp=1,50,150,2019-12-06
5,The Lost World,1,https://329115.smushcdn.com/1777109/wp-content/uploads/2020/08/The-Lost-World.jpg?size=1060x1060&lossy=1&strip=1&webp=1,30,100,2020-08-12
6,Trail,1,https://329115.smushcdn.com/1777109/wp-content/uploads/2020/08/Trail.jpg?lossy=1&strip=1&webp=1,35,125,2020-08-12
7,Surf Study V,1,https://329115.smushcdn.com/1777109/wp-content/uploads/2020/07/Surf-Study-V.jpg?size=1060x1060&lossy=1&strip=1&webp=1,50,150,2020-07-11
8,Meresig VI,1,https://329115.smushcdn.com/1777109/wp-content/uploads/2020/04/Meresig-VI-1.jpg?lossy=1&strip=1&webp=1,10,50,2020-04-01
9,DARK HORSE I,2,https://e7408954c845bc4590e1-ac57eb289d209368b7559da619006a9c.ssl.cf1.rackcdn.com/DARK_HORSE.jpg,70,250,2018-04-01
10,DARK HORSE II,2,https://e7408954c845bc4590e1-ac57eb289d209368b7559da619006a9c.ssl.cf1.rackcdn.com/JCP_2273-chritchley-web.jpg,70,250,2018-04-02
11,Sea Sailing,2,https://e7408954c845bc4590e1-ac57eb289d209368b7559da619006a9c.ssl.cf1.rackcdn.com/JMC_4120-chritchley-web2.jpg,50,100,2020-05-20
12,Untitled,3,https://i0.wp.com/gregorycolbert.com/wp-content/uploads/2018/01/30.jpg?fit=1000%2C828&ssl=1,100,1000,2021-01-25
13,Shell and Child,3,https://i0.wp.com/gregorycolbert.com/wp-content/uploads/2018/01/15.jpg?fit=1000%2C568&ssl=1,80,800,2021-01-25
14,Sea Angels,7,https://timflach.com/work/endangered/slideshow/#,530,2000,2020-11-25
