1,The Odyssey,68,h07GcmFnhJ0vYMo,2584,1332,1992-03-17 15:46:47Z
2,Great Expectations,372,dLqsnGiqwykZqvX,3675,3233,2001-08-07 00:46:39Z
3,Gulliver's Travels,51,Kbqi05mDUKGd4v3,4527,2699,2020-12-17 11:03:55Z
4,Ulysses,397,8e3rBawjEhEfQ6h,7067,3775,1995-01-02 17:15:13Z
5,The Good Soldier,143,cku4exM2JXosE6N,6007,3129,2007-07-10 13:02:55Z
6,The Sound and the Fury,129,nfARs3LhiZMbGRf,2911,3861,2017-05-06 15:54:08Z
7,The Handmaid's Tale,115,dugiIrnhVmUGZeg,4714,4891,2020-07-12 19:05:18Z
8,The Odyssey,255,HUHQzKQ4HCRggLV,483,4231,2019-04-12 20:50:48Z
9,Gargantua and Pantagruel,85,GxPYq6Tf5mPZOBa,8008,1842,1992-05-31 16:13:04Z
10,Alice Adventures in Wonderland,479,9Rn58JbAqVJBcjv,5892,4836,2015-01-19 12:20:53Z
11,Emma,387,GBZIfwHiG70QHCB,3360,1776,2005-02-10 14:33:04Z
12, Oedipus at Colonus,499,8NletahwCsfg3jB,9382,1095,2007-09-14 18:03:03Z
13,The Metamorphosis,158,nh6cK1SsrBBb43S,3883,645,2007-06-29 04:47:31Z
14,The Metamorphosis,257,HvUhY9RB6V476w7,3768,4557,2013-06-01 00:47:29Z
15,Tess of the d'Urbervilles,59,HC5Kpe2ywBByqzU,9026,3609,2003-02-13 00:05:05Z
16,The Grapes of Wrath,467,VlKLQDhyAQoNfdy,6185,2654,1992-01-27 12:07:55Z
17,The Red and the Black,485,Qhk0RXewBHGjjeT,6071,3784,1997-06-11 04:00:32Z
18,The Great Gatsby,310,za4xdBi29an4nqN,2613,2151,2006-04-05 11:36:05Z
19,Vanity Fair,446,OHNcw3t4ZN4vZXk,227,3764,2004-12-29 05:06:08Z
20,Invisible Man,293,p5h8weEZgahppPi,7636,4897,1998-06-13 12:12:40Z
21,Oedipus,461,x20etJ1SuShhhO4,9496,2062,2000-09-19 18:23:19Z
22,Tess of the d'Urbervilles,356,4vLsQzmt469uF59,3380,1359,2010-09-22 03:46:21Z
23,Alice Adventures in Wonderland,354,BgDTG22Uk5K5tha,5959,2268,1993-12-01 12:37:35Z
24,In Search of Lost Time,246,zBZAhtMEVwDKLMg,5087,4283,1991-01-02 14:24:48Z
25,The Red and the Black,498,Qx0EqpxfGeBOSr1,3392,2937,2002-02-23 19:48:09Z
26,The Lord of The Rings,191,OY6mrl8Hp4BJNrp,5201,2042,2006-12-12 06:55:39Z
27,The Canterbury Tales,480,Ny9qCB8FzlZlpuD,987,4511,1994-04-18 08:21:19Z
28,Emma,274,oo41bR3ssFasxs4,9373,521,2012-01-17 18:10:32Z
29,Ulysses,46,AwWbWyTxn5QUCHJ,5276,4022,2019-10-03 20:41:30Z
30,Lord of the Flies,10,PX9MQofG91i4FF0,5181,4563,2002-08-11 06:47:46Z
31,In Search of Lost Time,196,1y6KAOpGjvuGDXl,500,716,1993-09-20 18:15:27Z
32,One Hundred Years of Solitude,103,Db7a7SOaOr9IXTd,5002,4362,2000-02-12 17:57:08Z
33,Wuthering Heights,489,wISVIq8R5Wl2tDx,7150,4001,2000-07-07 07:31:23Z
34, Oedipus at Colonus,120,Otpm76rfDscLRo6,979,3728,1998-02-08 09:03:45Z
35,Gargantua and Pantagruel,212,ubEl7nyyjr3EldE,170,1698,1997-03-04 19:32:09Z
36,The Magic Mountain,436,fD0OkQ8BdcT4K2U,7377,4345,1997-12-30 21:52:28Z
37,Robinson Crusoe,292,UmqOFz4NQdjiiGZ,2144,2719,2008-09-28 15:25:36Z
38,Nineteen Eighty Four,279,3IAe8SPXYHdgm4B,8915,984,2007-06-20 05:03:26Z
39,The Handmaid's Tale,159,wncCWRx77CDwGEU,9329,4662,1990-07-30 02:10:25Z
40,Game of Thrones,293,xSgrd1YPHSyO1gP,8756,462,2008-09-15 03:29:28Z
41,Gone With the Wind,65,5y1mSCVZ2rCpt0k,3160,445,2008-01-28 18:55:28Z
42,Emma,425,dZqIAkQjGOKk3mP,927,1053,2014-01-06 20:55:31Z
43,To Kill a Mockingbird,425,fBfRE5qlon7YNm3,3499,4150,2009-01-31 02:55:25Z
44,The Good Soldier,127,qr0ekLkVToiKHeS,1975,3257,2002-11-27 14:30:56Z
45,Gulliver's Travels,115,CdTZDUZ2Z6vykOb,1089,2126,1991-09-26 06:37:43Z
46,Paradise Lost,224,v1gZdgxCSvcyAQv,5358,109,2018-08-03 17:08:13Z
47,Wuthering Heights,336,s7MSMcpSeXBiig4,9421,1761,2009-05-22 20:28:03Z
48,Alice Adventures in Wonderland,211,a0pgQt7fNaLybQN,5921,2902,2009-05-13 10:57:25Z
49,The Brothers Karamazov ,356,MAG8agU2lkhvch6,4119,2824,2006-10-16 20:47:07Z
50,Great Expectations,360,dqHBT1kJ9cIcfJu,5399,4912,2018-01-07 12:33:12Z
51,The Red and the Black,242,vCnM3aiKkzRnRSe,133,97,1990-08-07 10:32:18Z
52,Les Misérables,45,aPy934kxfjMW8qo,6921,3618,2003-12-12 06:32:36Z
53,Lord of the Flies,260,dPe2givWKb7M7Fa,6587,1316,1990-01-26 00:45:04Z
54,Game of Thrones,467,gUWUsGCwdMtUuZB,585,1222,2013-01-09 04:01:53Z
55,Hamlet,240,rlRwBhkcbXT7iJO,550,1291,1994-01-20 15:28:58Z
56,Lord of the Flies,378,qPO6xC1DBe0ptaT,201,1150,2017-09-26 17:16:56Z
57,Tristram Shandy,221,d3Bq63Phed0lhwl,7935,2048,2008-05-08 07:17:27Z
58,David Copperfield,242,em6GblP6xPyuCwW,9173,786,2014-05-12 21:21:11Z
59,The Divine Comedy,412,wOmFVrnJ8wZgDAx,8039,4697,1997-06-09 12:02:21Z
60,Lolita,16,iBCpKfgUSlxK2yf,9059,1215,1995-02-17 02:49:57Z
61,The Metamorphosis,127,T4W8AHo0dDMEESB,4708,3174,2004-01-29 10:07:53Z
62,The Scarlet Letter,419,49aUS2P3D6vtuxh,5058,1035,2010-01-30 17:19:06Z
63,The Lord of The Rings,371,blNqcYgfVDEb8kx,3565,4816,1996-08-26 03:08:07Z
64,Nineteen Eighty Four,278,QpF6OdI5sPP9sEL,7929,2493,2006-09-12 09:24:40Z
65,The Lord of The Rings,176,i5ZRxH7glHD6BWb,2891,94,1996-09-03 03:20:11Z
66,Lolita,294,ERwZplr32kThBzM,3304,4016,2014-03-02 16:37:51Z
67,Paradise Lost,68,KaDPZMhUJzUUABr,2893,4581,2018-08-07 05:10:20Z
68,David Copperfield,416,acy2UjdFsZIl9lW,2823,3467,2000-04-03 06:09:41Z
69,David Copperfield,247,LSGdxtndwckmwkT,2171,3742,2011-02-13 16:36:54Z
70,Tess of the d'Urbervilles,209,rqinh0FhHt7nkOG,6742,1823,1992-10-26 21:20:08Z
71,Vanity Fair,492,kqXGfe8EjT2YxPF,928,3150,2011-12-21 21:27:52Z
72,To Kill a Mockingbird,482,t9o9Xg9gQSq76Ku,5703,208,1994-10-14 15:23:18Z
73,David Copperfield,413,SZQ9SoN6GvsnH1e,5997,2777,2008-04-16 18:36:05Z
74,The Old Man and the Sea,145,J52I3TNaoCKWjGg,6908,4338,1991-08-30 08:35:11Z
75,Lord of the Flies,263,mrhiGyfFtLHHEZg,3311,3107,2017-05-17 07:04:35Z
76,Invisible Man,254,4eB35itgF5YQaVv,1175,3064,1994-07-16 21:25:10Z
77,One Thousand and One Nights,494,cRVsus0J5pMnDE4,5743,2660,2021-03-08 15:02:10Z
78,The Lord of The Rings,74,F91ut5ogUcfjmkz,9904,3979,1997-09-22 18:28:35Z
79,Lord of the Flies,351,rCrjZbfZywHPt27,1141,1127,1998-06-29 03:50:10Z
80,Gone With the Wind,248,S9rA1wYLi1RJsCV,2393,418,2016-01-15 01:41:46Z
81,Madame Bovary,165,GGzIiMcXgJhYksa,6356,3148,2002-10-09 13:34:23Z
82,Tristram Shandy,364,PE2BDBI0ryok3Co,8416,4945,1993-01-21 11:44:58Z
83,The Canterbury Tales,321,vgoMZSM46pXjDqK,3943,1725,2002-07-01 07:49:34Z
84,Gulliver's Travels,63,hk8jld3qtFaGfZz,7162,2769,2005-11-01 20:42:54Z
85,The Sun Also Rises,229,lJyrJWqUD0YGlbt,5976,2142,1991-04-08 22:38:29Z
86,The Metamorphosis,293,p8fquUpNMBIXZww,7547,1604,1991-03-12 17:21:14Z
87,Alice Adventures in Wonderland,149,ORz4dp6178jJsnq,9372,4987,2002-03-30 14:11:05Z
88,One Thousand and One Nights,31,TyoRpluPUhqRZ5a,1939,2677,1998-02-02 03:10:23Z
89,The Sound and the Fury,315,DHnGu8m5MvNfFzY,2813,1298,1996-08-15 16:13:36Z
90,Hamlet,176,QAjMG56RpdLkKBf,9963,1355,2012-06-08 14:28:30Z
91,Anna Karenina,209,UWJ827plBBvWFLw,5182,4969,1997-12-19 11:32:01Z
92,The Red and the Black,115,OQuNcg9i0EkPz77,617,1601,2021-02-07 19:09:33Z
93,Vanity Fair,324,ZyeMmOBnXZI5sIu,2181,442,1990-10-03 10:54:17Z
94,One Hundred Years of Solitude,469,7jCLKiKuozlUY7T,3731,1610,2015-09-04 09:12:48Z
95,David Copperfield,16,O5jwwIGdW42hnkC,8590,450,1996-12-12 15:27:05Z
96,The Old Man and the Sea,403,VPvoJG1SGQgxQkw,3849,3096,2007-08-18 08:14:24Z
97,The Sun Also Rises,216,qwR7V8KN6IHNgAe,9476,1805,2005-10-03 14:45:16Z
98,The Old Man and the Sea,394,vQTzC4s0YzyE11J,5114,1583,2019-05-17 00:34:38Z
99,Don Quixote,188,PXImAuxuJk9grCI,1337,1537,1996-11-17 06:42:23Z
100,Oedipus,466,mFN9SzOfIm3Dc4S,7221,484,2008-08-19 01:38:29Z
101,Tess of the d'Urbervilles,173,bdKxtWWa9ibfgwv,4953,4616,2019-01-24 01:51:53Z
102,To Kill a Mockingbird,491,qOAeMITDbvtvfIB,4998,730,2013-12-27 04:53:29Z
103,Hamlet,196,v5UGJtZ9bneejs1,1720,1453,2011-01-02 11:58:44Z
104,Ulysses,12,PW3a5Gr4dozPi1C,1643,1603,1990-09-09 17:17:07Z
105,Hamlet,319,cwRk4OABn84FtPS,4918,4459,2013-03-10 16:00:49Z
106,Lolita,238,TTPfL89f3Ntboof,8021,3375,2005-01-19 14:11:16Z
107,Paradise Lost,382,S4Bg2iYAxsS8Ros,8209,248,2010-08-07 10:00:51Z
108,The Grapes of Wrath,405,o0X6DgMhMoi7kJb,1119,4770,2006-02-12 04:54:43Z
109,Wuthering Heights,341,OJ6ojhyo3SGWqel,3276,2391,2008-10-05 03:05:18Z
110,Lolita,344,HolhfeoFFSJJwG2,6252,51,2002-04-16 00:38:39Z
111,One Hundred Years of Solitude,396,umVLtUiPWfcy989,2993,765,1997-06-21 04:00:04Z
112,In Search of Lost Time,169,zNl8JrTEBn105KT,9222,3797,2006-04-14 01:46:38Z
113,Les Misérables,145,2oBF0ZcdsNRf8HV,4046,2746,1991-10-06 09:26:11Z
114,Alice Adventures in Wonderland,64,EI0TbeBtqg5tUIl,4572,3284,2007-09-19 03:08:36Z
115,War and Peace,329,UxZHetN1Gtg77AG,80,4934,2011-12-28 11:34:58Z
116,The Great Gatsby,197,BQ6lv2C9fadfgCX,5263,30,2004-08-29 14:48:58Z
117,To Kill a Mockingbird,91,obiiJbIDpSYX0iI,4496,4944,1991-10-08 17:00:31Z
118,One Hundred Years of Solitude,248,j7lKdHVNYNFRJNU,8838,2741,2001-07-12 08:47:12Z
119,Alice Adventures in Wonderland,329,h71BovOxoJ78kiQ,6622,4623,1999-12-29 01:58:09Z
120,The Flowers of Evil,135,9OpKMnJqRcTEMlG,6879,2233,1995-01-20 09:25:07Z
121,Anna Karenina,118,tURrbeIHevr2w9l,385,750,2005-06-02 10:39:30Z
122,Emma,241,DDynnztUIx95056,7104,1007,1994-06-09 07:47:17Z
123,The Sun Also Rises,362,Ur0HR6pgsc0Non1,5092,1466,2013-11-06 10:32:05Z
124,Ulysses,29,uHNwQgMdLhUe5ws,4591,1932,2004-11-08 06:16:28Z
125,Pride and Prejudice,347,REVnCD17nhnFADJ,3973,4950,2006-03-19 22:39:40Z
126,Les Misérables,67,5tkSDFyfjua5r53,1632,2081,2000-02-27 13:41:56Z
127,Nineteen Eighty Four,342,rYOERveUA86a4cu,8021,4344,2015-08-08 00:03:19Z
128,The Good Soldier,70,cdFVjVFmKmC24zA,5365,3695,1992-06-25 09:24:56Z
129,The Flowers of Evil,247,9spgs25OVHPvlLZ,9301,4957,2019-02-15 07:45:47Z
130,The Odyssey,288,081RS84KLr8Fn3y,3629,3717,1997-10-05 08:40:44Z
131,Paradise Lost,31,ZVUJadl9qIIzi1l,6361,1287,2003-09-13 21:04:03Z
132,The Metamorphosis,46,vBKjlgaKzL4c57z,4773,3486,2008-01-21 16:17:56Z
133,One Hundred Years of Solitude,38,QfIlHPxk9wPiHQ4,67,2332,1998-06-27 22:17:37Z
134,War and Peace,204,ppa7PeVUIQ64Ec4,2940,4554,1990-12-08 13:53:39Z
135,The Lord of The Rings,202,sNwjPB9MbmFd6rS,5458,457,2010-05-16 10:07:17Z
136,The Canterbury Tales,178,0ii8DRBtu8Qsuc5,1011,1540,1994-03-12 01:29:16Z
137,The Brothers Karamazov ,489,8kmefQMiGh16BqC,9423,4650,2003-01-02 20:20:29Z
138,The Lord of The Rings,492,iEKiJ9PpE1jkXbx,5149,2367,2006-12-10 09:09:10Z
139,The Divine Comedy,262,3ZQLHFXmdSlDZVs,507,2861,2016-10-19 20:46:04Z
140,One Thousand and One Nights,52,ofI3ayEfypiQI3x,1249,2849,2011-10-12 05:05:17Z
141,Gargantua and Pantagruel,189,XKve0TSGcbSlq9L,9626,4105,2002-11-05 18:46:23Z
142,The Odyssey,39,jKwtTFzWy2HutoT,2220,996,2006-04-12 13:05:48Z
143,The Sound and the Fury,141,GIXtape89hFLUEj,9838,80,2009-08-25 02:28:42Z
144,Gone With the Wind,115,cSfLkRzuQt2pk5V,4062,3434,1999-12-01 20:07:12Z
145,War and Peace,232,9JmhidtVih44a4e,9092,3524,1995-02-17 17:48:26Z
146,Tristram Shandy,202,9DpNYKyaAy0fC8t,2736,1409,2006-11-15 09:18:07Z
147,The Lord of The Rings,7,5eMZM8byAhtnd3P,3265,862,2013-05-18 02:52:05Z
148,The Good Soldier,201,b673eREIRTCttMv,6169,2322,2007-12-29 00:49:57Z
149,Nineteen Eighty Four,169,PXBNNjBw5VFucOE,9389,2658,2019-08-09 09:27:18Z
150,Tristram Shandy,77,gHZHnUFuaJlrfcE,8456,2789,1997-10-06 12:06:23Z
151,War and Peace,226,SXXnd2izByOfFyb,3869,2287,2015-11-28 13:38:35Z
152,Tess of the d'Urbervilles,262,jdcG1NxUv2pGuPq,6214,4349,2017-04-05 07:34:53Z
153,Emma,477,9CH1ERy90a1yKAw,7050,3059,1997-01-10 11:27:37Z
154,To the Lighthouse,351,rIvMswRRmSgdEtW,7215,201,2019-09-23 20:48:39Z
155,The Divine Comedy,222,glFKrWaxTjUZtSF,969,1009,2007-12-13 03:13:30Z
156,Paradise Lost,270,s7PfbgulBxqPlnm,5757,4606,1996-06-12 11:11:53Z
157,Lolita,160,nZ70qPgo52EWMc1,9820,1412,2007-07-30 22:17:36Z
158,The Great Gatsby,29,ecj9OBBbn9nmFdp,721,1806,2005-08-30 03:44:21Z
159,In Search of Lost Time,135,aHDNNn6arkWdXGP,2977,3174,2018-09-12 09:25:22Z
160,Gone With the Wind,414,velelxcRq7MJ2Kx,8057,4032,2011-08-12 12:55:02Z
161,Oedipus,7,R8HMfz6F31SRslJ,3433,3133,1997-08-08 06:39:30Z
162,Anna Karenina,472,XIzGmuymxDdUgel,9537,2248,2013-09-14 19:17:17Z
163,The Good Soldier,437,EMoV5qtDfFBuEqt,3112,1763,1992-07-05 05:29:14Z
164,The Scarlet Letter,135,n1BR04o3oxPu48Y,8880,4627,1991-11-01 22:57:13Z
165,One Hundred Years of Solitude,370,hRsbfNCFnz5Be4Z,8852,710,2016-10-17 04:21:56Z
166,To Kill a Mockingbird,460,zV7LUbOQCIHeAHc,1412,3390,2009-04-01 16:36:54Z
167,The Brothers Karamazov ,472,48gK0HCHwsW3GiB,7184,3199,2002-05-17 13:53:52Z
168,Great Expectations,206,YupsguPL91YCMxQ,3872,688,2021-04-03 00:19:45Z
169,Paradise Lost,115,Wko3ENVEDhjHZLZ,5192,1873,2007-01-12 12:21:02Z
170,Oedipus,253,y4XAb32CntgTH11,1739,4831,2010-04-30 18:20:29Z
171,War and Peace,336,0MtdnwPSLoFz8rN,9130,843,1995-07-08 11:54:23Z
172,The Divine Comedy,434,RogWirPW9LPgxra,2490,1273,2002-06-22 10:19:38Z
173,The Great Gatsby,14,2dutmKArR7UbzHZ,6810,2950,2019-03-27 06:04:38Z
174,Lolita,88,ZMu5Pg7iNOmn3y8,6404,1022,2020-12-18 10:56:33Z
175,One Thousand and One Nights,132,lIzs0YW7WISUg2O,7690,888,2000-01-04 09:07:12Z
176,Moby Dick,238,g1mSFFLvm76JxZy,1146,771,2016-08-22 06:14:29Z
177,The Handmaid's Tale,241,bv8NSnJUDYoT0OG,2796,4351,1995-09-06 08:40:22Z
178,The Handmaid's Tale,362,bWWMPQ5685XKgH2,8981,645,2004-04-14 14:51:44Z
179,Alice Adventures in Wonderland,45,72CjZEI4G0Cg05b,9110,318,1994-03-08 10:40:22Z
180,One Thousand and One Nights,27,kK9ROOus8TRYTMr,5231,4386,2016-07-12 00:16:19Z
181,Madame Bovary,295,B8qhiuScrezcZZw,8931,3407,2001-02-04 03:04:12Z
182,The Good Soldier,264,HrWljzWLtGj8Tiq,2002,4856,2011-01-08 19:33:53Z
183,Madame Bovary,372,SHF7U5LZXbbjzMI,7323,3113,2000-09-01 07:05:20Z
184,The Sound and the Fury,216,dV9JKYWAmn7Eed2,270,1362,2007-01-14 16:11:31Z
185,Tess of the d'Urbervilles,490,0Az6OOkYYcqmlVv,237,26,1990-03-28 09:48:55Z
186,Tess of the d'Urbervilles,65,nPuTCion3lWJJUc,1375,3914,1990-12-07 05:33:35Z
187,To Kill a Mockingbird,434,QqfgrLGDC82Mqe4,5640,4159,2013-06-24 18:46:00Z
188,The Scarlet Letter,94,mrh1owqTgyXdmgC,9499,2248,2014-10-04 12:18:10Z
189,The Magic Mountain,62,wo1cZywC1Be3zJT,4619,1344,2001-02-17 15:20:22Z
190,Nineteen Eighty Four,6,RCxxW9c5AVjvNwT,2761,2469,2013-02-13 18:30:26Z
191,Alice Adventures in Wonderland,318,NxIUR7g5udnjamB,4167,206,2002-08-01 02:29:32Z
192,The Scarlet Letter,193,Gq6EKmkwjJYkAOp,1769,4806,2005-03-16 09:48:17Z
193,The Good Soldier,98,3odTuHVnF7ZBnU2,3554,1543,1994-09-17 15:04:24Z
194,Hamlet,17,AKXNIAHaFgeDaqS,8490,3298,1996-12-17 12:18:36Z
195,The Handmaid's Tale,105,B0EIHplfw1mcIW3,2066,3152,2020-05-31 12:18:30Z
196,Don Quixote,138,cpBSB03sZZ7WXD2,88,3731,2005-02-10 00:41:11Z
197,Ulysses,112,JdvA3UFRr1jlcGX,5782,3320,2017-06-30 03:12:02Z
198,Anna Karenina,6,gIu7xzfbFpb1yQz,69,1915,2000-06-29 03:15:28Z
199,To Kill a Mockingbird,225,Z4W4VzCkL8cP2IX,2879,2203,1996-03-21 09:28:55Z
200,Hamlet,114,iTz1v244grqVDa5,1582,3050,1991-03-10 01:15:52Z
201,Great Expectations,10,71ACrEEUfYqykf7,2854,3593,1998-08-02 01:55:32Z
202,Anna Karenina,398,U1fCyb2vUMS2Auz,2056,4210,2004-03-12 08:11:56Z
203,Great Expectations,303,VoouW9zZdwEqLLB,2588,4424,2009-10-26 14:20:36Z
204,Nineteen Eighty Four,319,7g3ENeK907QKYKq,5153,3873,2005-08-05 18:47:05Z
205,Gulliver's Travels,35,nAyMeiUB9CAqNc4,6164,4581,1999-09-13 18:13:42Z
206,Gulliver's Travels,11,nFLH00yeiCcPDZS,6799,2156,2006-04-26 21:15:07Z
207,Robinson Crusoe,239,dD122fSrVs9LGSb,4714,838,1995-05-26 12:27:38Z
208,The Flowers of Evil,106,1NmnWrwo3PmsE98,9441,4934,1997-12-01 07:06:31Z
209, Oedipus at Colonus,112,MX9DvFk5zsz9pQ2,9347,4970,2007-05-24 01:06:55Z
210,Madame Bovary,288,XdMOiMTnqx9aPWo,198,2822,1999-07-31 07:46:00Z
211,Lord of the Flies,3,SqHTUic7Ssymjj1,238,3617,2005-12-16 01:09:11Z
212,The Lord of The Rings,419,miUhexmrjJd3hb3,9813,407,1996-12-01 19:41:41Z
213,Tristram Shandy,377,FbrRkR6Eym0euAB,9662,813,2011-04-10 00:14:27Z
214,The Old Man and the Sea,337,Ujzg95V9ILyPFxf,179,2106,2009-09-07 01:38:16Z
215,David Copperfield,480,I8DPqBqMR8vXrvu,9523,710,2004-11-16 14:42:17Z
216,Invisible Man,374,6KooklYcYmmrh5p,6628,4852,2003-10-18 22:30:16Z
217,Les Misérables,211,yQpp5Ko8pLOHFCW,977,2945,2018-01-15 11:22:44Z
218,Game of Thrones,28,MBcyoRTadmuzY55,4601,1413,2013-07-26 14:56:30Z
219,Les Misérables,408,knmVYmv6psMdocW,9845,3511,2000-12-22 17:44:29Z
220,Wuthering Heights,97,7KoaOmGIh2M2LC5,9131,3978,2012-04-21 15:04:06Z
221,Moby Dick,224,R95v6luiUPapKuL,5234,1594,2008-01-12 13:38:34Z
222,One Thousand and One Nights,296,L6vb8DyQEutXbT1,1508,2654,2014-11-17 07:51:37Z
223,The Flowers of Evil,191,vKlLWehh1zYtzLK,7781,2541,2006-01-28 22:21:53Z
224,Tristram Shandy,185,uMcaD1Qj7aiAQW1,4475,3884,2007-01-13 04:50:32Z
225,The Great Gatsby,288,B8WAyWoYdUx083E,4784,3371,2008-10-29 05:25:18Z
226,The Magic Mountain,88,3ZoEMyrjzrnbcq0,4428,1024,1999-09-15 01:04:39Z
227,One Thousand and One Nights,256,2irEhQSlQuxclKS,4565,2864,2014-05-05 17:57:08Z
228,Wuthering Heights,230,mwzJDHQLfa3vgeu,1593,1562,2006-08-20 02:21:40Z
229,Paradise Lost,112,PQ40dS5eWgFFRsG,2419,2393,1990-05-19 12:17:02Z
230,Oedipus,201,w7zmbbC9w7ij2JQ,7862,4447,2008-02-29 21:31:14Z
231,To the Lighthouse,201,dbMRmVHWLh1H3oq,4848,246,2000-04-05 12:18:07Z
232,Oedipus,68,NFMOpsGLKWiVKOJ,4173,3212,2010-04-10 13:21:02Z
233,The Grapes of Wrath,13,XIMF2MrHRuT9MaH,4587,3278,1992-09-28 08:41:45Z
234,Les Misérables,150,fP343phVFMEyFcm,2166,4889,2004-08-09 05:16:35Z
235,Tess of the d'Urbervilles,122,79gL6RqTQDzq09S,8003,2253,2013-02-18 09:12:46Z
236,Alice Adventures in Wonderland,299,B9C1XOgCroA54Xd,6005,287,2003-01-22 20:47:44Z
237,The Scarlet Letter,388,wNqpwiLoczYeM3Z,2978,351,2013-02-16 00:07:02Z
238,The Sound and the Fury,30,Xa8IWx3U0wNQorj,7384,2459,2006-07-17 00:32:05Z
239,The Sun Also Rises,443,RrnHzEuHt6KTPyZ,8224,4273,2007-11-24 11:33:41Z
240,Pride and Prejudice,316,vle9glCR71hqasp,664,1289,1993-01-04 15:28:18Z
241,Madame Bovary,193,U5FrJ8k7KSE2fUE,2162,2617,2012-01-04 15:11:26Z
242,Oedipus,61,8GLfPcDfTRNKEb3,8916,1539,2001-12-10 20:21:23Z
243,Great Expectations,419,JtL2IvpR6mxGk8d,3294,2455,1993-09-10 18:44:34Z
244,Nineteen Eighty Four,81,9vmyVyhVtlQBvDk,9290,3660,2010-04-15 00:16:31Z
245,The Magic Mountain,170,S5zDaOklP1jMGf7,3149,2321,2002-11-15 06:04:29Z
246,Les Misérables,475,rQ4LDGkBmsaU2fv,1135,524,1994-05-09 00:01:09Z
247,Anna Karenina,430,davUh1QM088HwfD,5302,2473,2010-10-08 19:56:28Z
248,The Lord of The Rings,86,ExrSK5eSxgZavSw,472,830,2001-05-23 11:34:20Z
249,The Red and the Black,192,8lDlfWUOXxPrg0i,859,1383,2001-05-18 15:10:36Z
250,Robinson Crusoe,39,SOsmpk8GyJZsrHT,9737,4717,2004-10-16 06:01:37Z
251,One Hundred Years of Solitude,299,PMlRONqtwlgvXxu,6562,3225,2002-06-19 16:25:31Z
252,The Old Man and the Sea,62,177YtrUVbwndZET,7432,4401,1994-05-01 09:37:06Z
253,The Canterbury Tales,180,6LMynn6EEIEtTRz,9543,159,2004-01-11 05:04:57Z
254,Lolita,163,UkUoySGdArlANg3,6887,3545,2005-08-21 16:33:19Z
255,Les Misérables,166,9cDLYM0FXN01NS8,1253,3900,2019-12-24 15:03:02Z
256,Oedipus,134,maIvikQK9AQULvG,7180,1397,1995-03-05 13:12:46Z
257,Great Expectations,331,pXtX5mqQSRMauPa,2987,2533,1993-08-23 01:50:50Z
258,The Brothers Karamazov ,485,xWpOX3aedPvdXzN,3406,2764,1999-10-16 17:56:02Z
259,Pride and Prejudice,165,Vd01GGuexrZ6AQX,2988,1821,2017-02-02 18:42:10Z
260,Pride and Prejudice,386,DdSwehHA5xBTvhC,3319,1977,2012-09-15 17:56:45Z
261,The Brothers Karamazov ,443,MFLAXGQQJWrwYxU,2564,4757,2011-05-20 16:28:08Z
262,Pride and Prejudice,471,lvUhY9aC9FkGrTh,7438,4518,2010-10-21 12:51:56Z
263, Oedipus at Colonus,374,ngEdxRFduNIjPCj,8637,1357,2012-12-20 07:41:40Z
264,Ulysses,350,n6Z6xzlG9gAqAUg,6146,3773,2018-08-10 14:49:52Z
265,Gone With the Wind,370,RrUxQInXD0zbgYV,2887,3234,1994-07-30 02:09:02Z
266,Lord of the Flies,178,ihtHjwE7yEMIOcB,3454,4808,2001-01-24 03:56:49Z
267,The Canterbury Tales,441,AOZm8qwYrDVwQgB,618,2920,2021-03-13 20:00:21Z
268,Les Misérables,128,GzmxJx2RfYot3JK,893,1360,1991-02-20 15:29:04Z
269,The Divine Comedy,340,vz6Sj78Kgp8TxW3,6329,3004,2015-05-26 17:48:22Z
270,The Handmaid's Tale,389,I4a4l8qyKMJ08Nf,3135,1618,2006-12-22 05:08:03Z
271,Gulliver's Travels,420,XtXZEqTESKDxXJD,3642,931,2016-01-01 19:46:06Z
272,War and Peace,250,4aFebRJdsNDCKNj,6166,646,2017-01-03 03:50:40Z
273,Gulliver's Travels,203,HJQKCTMIttOc88M,8687,3905,1994-03-21 15:19:34Z
274,Les Misérables,54,2ImNs58wy9A8UKG,1210,808,2006-01-05 01:19:18Z
275,Gulliver's Travels,380,kn59Vs9kyxDYCaF,4813,986,2013-06-11 21:25:27Z
276,The Brothers Karamazov ,6,1rpAgyf9x6XBjx6,6304,289,2015-04-22 09:11:09Z
277,Emma,389,ErEB2kWfSmmESqr,4684,3871,1999-07-01 18:14:26Z
278,Paradise Lost,202,fqQH3mEv0j4lTcw,6288,2001,2003-11-15 09:05:23Z
279,Invisible Man,358,n6VVm3VBUZRiVmd,4585,4480,1996-12-08 19:45:29Z
280,Robinson Crusoe,41,YA9pZyBjAi8mKhR,4455,4340,2005-07-08 12:34:10Z
281,Hamlet,455,bA59g1hLNQ17UnN,9373,1102,1999-05-15 19:16:58Z
282,Great Expectations,4,S4mw9R7w3WFhpdz,4979,3532,2004-12-24 08:44:20Z
283,Nineteen Eighty Four,295,6xniTSVu4F9nE4F,5390,4510,1998-01-12 10:57:35Z
284,The Scarlet Letter,53,icYxIxmloATp8Vs,6387,2495,2007-07-26 14:10:26Z
285,The Lord of The Rings,426,ukm6de2U9rrFG5e,2044,4742,1999-05-13 10:20:37Z
286,The Flowers of Evil,120,HLLm8Z9Do2lnNg1,1420,565,2014-03-23 15:19:57Z
287,The Magic Mountain,128,msAWp29UNAVeuS2,9091,4645,1990-04-19 14:02:12Z
288,One Hundred Years of Solitude,143,RqFJWj7aQ05i47D,3206,896,2010-12-17 12:22:37Z
289,Tess of the d'Urbervilles,10,H0O1tTTOCHatpjs,6289,3841,1998-02-23 13:04:38Z
290,To Kill a Mockingbird,366,862qcXpHoZp8THr,2267,546,2019-11-29 14:52:26Z
291,Madame Bovary,114,XucCvHExWSHP41m,8527,4255,2001-07-10 22:45:19Z
292,The Grapes of Wrath,302,ZfECcHC5Resf6AU,8997,30,2008-04-02 13:17:39Z
293,Anna Karenina,434,wWdGvgcr3XIChrF,6014,3414,2000-06-18 08:48:45Z
294,Moby Dick,178,q0fd9Lsr5NnRp8A,2669,1977,2016-03-04 17:48:07Z
295,To Kill a Mockingbird,484,xL5857SWGkAxQPD,4663,2584,1995-06-19 15:12:48Z
296,The Divine Comedy,213,ampE898YO22sREN,8033,3724,2009-11-09 19:31:41Z
297,Paradise Lost,92,uAUWQnclJ3vfWP3,3142,1892,1993-11-04 04:46:54Z
298,Robinson Crusoe,269,wYSX5j8Wtva4Dnm,7161,3729,2014-02-12 06:42:47Z
299,The Sun Also Rises,281,0i0TdZf2QWdi77Q,5406,110,1995-05-31 12:02:43Z
300,Gulliver's Travels,170,0puZbAnptQzcyEP,5034,4793,1997-01-01 20:09:32Z
301,The Good Soldier,43,oudOPiRdz4MAosA,574,4296,2009-06-05 16:44:17Z
302,Alice Adventures in Wonderland,250,bdvpjyzvxQkGo8w,3870,559,2004-01-19 18:00:31Z
303,The Metamorphosis,33,lw7KCi0zxgPBve2,7029,3340,2021-03-07 03:24:43Z
304, Oedipus at Colonus,306,VFEOkSfH7zYJ2mn,7980,1065,2019-09-04 10:46:34Z
305,Vanity Fair,472,B3OuHAXMUhKlF7T,2561,2634,1999-04-22 09:17:11Z
306,Great Expectations,165,AFBM6dSRC7IDUWi,3810,557,2007-12-18 14:04:36Z
307,David Copperfield,8,iz3q4eKGupjOpGy,4454,3639,1990-12-15 05:08:38Z
308,Invisible Man,453,8384RsiRrSEcWCw,3865,3980,2016-12-02 19:22:23Z
309,Gargantua and Pantagruel,67,3RSH4CWiWm54x6j,8861,1892,1996-05-19 08:50:54Z
310,The Handmaid's Tale,318,cY6ncRwigNvEn9k,6403,1221,2000-10-05 16:41:49Z
311,To the Lighthouse,63,8bN8dLA4MSo0t7Y,9066,1395,2008-03-26 01:24:41Z
312,Hamlet,431,63wiIfL3xBQ7MOT,3097,1889,2005-10-12 06:32:45Z
313,Pride and Prejudice,75,1q0bcHwBa6kRErm,8800,1995,1990-07-23 09:49:48Z
314,One Thousand and One Nights,497,Mp8Qq4ZdF7t42RE,7311,3907,1990-10-18 00:50:01Z
315,The Metamorphosis,474,Omvm3hXIUZqove0,888,536,1990-05-15 10:29:19Z
316,Wuthering Heights,388,tkTRmyyl8ksto5R,5110,4728,2012-03-02 18:24:29Z
317,Moby Dick,319,TP6630iHm30BBjP,7556,1585,2006-06-06 18:41:03Z
318,The Great Gatsby,374,LKyfgxf5Qh7ACq2,9099,3811,2003-03-21 10:06:50Z
319,To Kill a Mockingbird,448,P5r7e2rejQeuvEV,327,1618,1993-03-16 22:33:29Z
320, Oedipus at Colonus,283,MEamDRk63WQjjz0,170,245,2008-02-13 00:22:43Z
321,Gone With the Wind,465,GzaYJA3PYLWe2EQ,6453,1016,2020-11-11 07:35:22Z
322,One Hundred Years of Solitude,256,vMdF49crzoITwm3,4477,4663,1990-04-06 02:51:22Z
323,Moby Dick,165,76w5zYY7ilToLp4,9816,1309,2019-08-20 11:31:49Z
324,Lolita,373,eBShYkQnHj2gIHD,6166,1547,2003-04-24 15:34:42Z
325,One Thousand and One Nights,488,swAB154oeNMS4h0,6,1860,1998-12-26 22:11:04Z
326,Nineteen Eighty Four,69,w0MUKHIJCBCkuYi,4068,3580,1996-12-09 21:22:17Z
327,Gulliver's Travels,416,IFcaUSuR3ZoOKok,7371,2707,2000-11-27 01:10:16Z
328,Tess of the d'Urbervilles,473,Gly2P8J400BDPsq,8202,4214,1999-01-28 17:08:10Z
329,The Old Man and the Sea,78,XuHeXCNviQIVyfa,4903,1540,2013-05-31 11:47:22Z
330,Don Quixote,293,VB0gO2htw9caHId,7779,4392,2009-04-09 02:27:46Z
331,The Old Man and the Sea,180,2TZxaYpSwOKwcgf,9915,4385,1990-09-26 12:21:20Z
332,Great Expectations,40,SWz8mLRqxOp8NyF,985,1667,1993-04-24 16:40:11Z
333,Invisible Man,177,BPWmNbPuAgOHbla,494,514,2005-06-20 12:21:31Z
334,Ulysses,278,SLx5NPop2VAxsPj,671,1254,2007-05-14 11:38:26Z
335,Pride and Prejudice,348,ne4DlLokyNrEbaf,319,2469,2001-03-06 19:20:45Z
336,Tristram Shandy,404,rxhaRyCIGSdJbSM,507,2454,1997-02-13 17:11:34Z
337,Hamlet,88,Hntg9Sko5NqMQEv,3678,3837,2014-02-02 01:34:45Z
338,The Brothers Karamazov ,135,EtSSWHAPOqmZwiS,518,4234,2006-03-19 15:32:55Z
339,The Flowers of Evil,50,68t19aebZJXoxr9,2368,2643,2018-08-16 22:26:30Z
340,War and Peace,328,8ydsODHZUTmWTmP,167,4111,2012-11-28 05:12:14Z
341,Vanity Fair,447,fV1RHn8TkSUuCgr,2674,1900,1999-01-07 17:02:19Z
342,The Canterbury Tales,171,plQ3IsRaZj48WXw,9874,3816,2001-03-20 00:02:03Z
343,Pride and Prejudice,435,NeHc15eWiUALp1u,8281,2954,1999-06-07 20:54:11Z
344,Alice Adventures in Wonderland,273,U3lS9qUHRptDYBP,4231,2480,2018-07-11 04:21:37Z
345,Great Expectations,95,HIAgauLEqF6wjQm,5086,3417,1997-03-31 04:42:30Z
346,Gulliver's Travels,398,VxU2XA9v48rdK8J,9055,1904,1993-02-20 13:03:57Z
347,One Thousand and One Nights,123,qK1YgIanqLUptF1,8067,351,2011-09-22 07:02:47Z
348,Tess of the d'Urbervilles,388,chgUzm42z3iosfl,4727,3168,2004-11-26 07:01:17Z
349,The Sound and the Fury,151,ayfSgWoZbyXZ19x,6043,59,2013-11-02 07:29:45Z
350,The Canterbury Tales,214,JScNqjc0dmOGfTU,3935,2538,1995-06-21 11:06:50Z
351,Les Misérables,49,tez2UQ9UgPYW9DI,9621,4236,2021-03-11 21:53:46Z
352,War and Peace,441,SSqWxUSEjyMst1r,1189,2968,2005-03-29 06:41:50Z
353,The Old Man and the Sea,472,UUWNnG3aTGlgjo3,1874,4983,1997-04-10 04:48:32Z
354,Ulysses,168,ZGJ2Wae5BLVVCbH,6611,4791,2011-06-07 09:52:36Z
355,Alice Adventures in Wonderland,165,HcrSSdpSYh97GdO,5358,13,2015-06-14 04:33:19Z
356,Lord of the Flies,150,1u2jNIJ4sRvCZoH,2039,2275,2001-04-04 20:56:48Z
357,Hamlet,242,ALsJYEbi92K0iZ3,4465,832,1997-07-14 14:16:39Z
358,Wuthering Heights,220,z22lsNbReyQ1Ye8,7650,4183,1998-11-03 16:45:09Z
359,The Scarlet Letter,408,jwi4tsLvypt3Qfc,7150,1718,2007-02-26 13:40:01Z
360,Emma,276,f6Ldw97iRkDTzKS,7183,2850,1999-03-09 01:26:11Z
361,Paradise Lost,300,sPWjXOiixROC7hO,4078,3845,2016-10-18 02:26:18Z
362,Moby Dick,100,nhCzCX7zW1VdNZa,5781,1638,2012-12-25 00:15:01Z
363,The Handmaid's Tale,64,UKU2RlEMRfDtBUY,5201,889,2015-12-23 10:51:10Z
364,The Metamorphosis,34,A9VRwsS6KDZrorf,6766,1194,1998-10-28 15:03:57Z
365,The Canterbury Tales,344,ZP5N0bjs6sGT36T,2933,2387,2020-10-13 12:51:39Z
366,The Handmaid's Tale,313,uypJMkfiG0S6C1f,4610,2520,2008-08-31 07:27:58Z
367,In Search of Lost Time,188,lt49LFZRBxmKYKR,3716,641,2003-08-14 03:00:27Z
368,The Handmaid's Tale,3,Ra8gDRUInMbEaRl,3288,2377,2011-06-30 12:16:08Z
369,To the Lighthouse,342,HSNNMBzh4BsniNi,3575,33,2011-04-23 15:57:57Z
370,Invisible Man,46,1FgGqT4S11u1NzD,1303,555,2015-02-28 15:31:02Z
371,David Copperfield,328,CH4UilebsKMVIq5,1497,1086,2020-12-26 16:50:44Z
372,To Kill a Mockingbird,180,Ug6ihLTZCKad9v9,3641,3490,2001-11-16 09:02:40Z
373,The Grapes of Wrath,241,4bLobiU03OujylD,9427,1292,2002-07-02 17:09:11Z
374,Oedipus,100,5XNmBdUvpTCBGWg,8660,4269,2012-03-06 07:31:14Z
375,The Scarlet Letter,94,LvnbKn51SMPPQN5,3196,1799,2007-10-18 10:04:15Z
376,Gargantua and Pantagruel,285,7kth4c1L7qLC1XC,1532,646,2013-07-30 10:43:49Z
377,The Odyssey,52,Pn5Y87vK5ZLq0bG,130,2020,2003-09-19 00:16:33Z
378, Oedipus at Colonus,91,D6TZVUxBtGdd38E,8910,1138,1996-01-06 12:15:36Z
379,The Lord of The Rings,344,LsBtDSyihKc1boh,4274,4190,1994-01-29 08:26:34Z
380,Great Expectations,480,NBVhwFCyiYPHrTk,7415,3629,2018-10-27 12:55:17Z
381,To the Lighthouse,59,mOqvqIONGyuxrsu,370,2336,2005-12-09 08:53:28Z
382,Anna Karenina,262,0GPYogCaox4sTGU,3429,3396,2000-03-07 03:08:17Z
383,Invisible Man,257,2B82Ea6gnaszobu,5756,3482,1992-03-21 08:05:00Z
384,Ulysses,1,b5IKqjTCN3kXWqo,9634,7,2012-04-27 06:15:16Z
385,The Handmaid's Tale,131,p45ucE40fEBg66Q,2606,4759,2000-06-10 09:29:55Z
386, Oedipus at Colonus,31,X2DGYXugs1pcQuz,8448,4818,1999-08-28 00:05:17Z
387,Wuthering Heights,86,rBtcT52GTm0i1Z8,5259,2352,2013-07-20 12:17:39Z
388,Emma,239,AfHeaL48vCsVFo5,4373,2990,2016-02-12 17:20:49Z
389,To the Lighthouse,97,7a9wjVuCfaht6Lb,4549,4583,2002-11-14 14:04:30Z
390,Don Quixote,32,22hT6d45nkTKDbY,3399,3133,1990-07-16 22:11:54Z
391,In Search of Lost Time,459,9PJX06MVqyWG4BB,7995,2859,2009-01-11 11:53:08Z
392,The Metamorphosis,10,XBfEBDg7IV7hDxF,634,4903,2003-06-26 05:37:21Z
393,David Copperfield,163,eTlNakamvWOvWU2,1827,1422,1995-01-01 19:13:44Z
394,Invisible Man,242,7Adhge49pqqBva0,955,1794,2012-02-21 16:11:10Z
395,The Sound and the Fury,14,ttGP7dfdjhznN6D,9114,684,2017-01-01 08:33:04Z
396,The Lord of The Rings,152,GvbDegBvTI8uxZO,9509,2551,1995-02-04 05:07:28Z
397,Gulliver's Travels,392,mJTxkUxQ6Da9efZ,51,4749,2006-10-30 17:30:29Z
398,The Scarlet Letter,96,Pf341Y1hzK8y4Ls,4399,2190,2006-01-13 19:01:40Z
399,Great Expectations,205,ubGJQkrZRX7ESqZ,9247,4326,1992-09-29 11:35:48Z
400,One Hundred Years of Solitude,348,fyNGVAnNf2FJdvP,5932,4804,1993-12-11 17:41:25Z
401,Invisible Man,60,auBk96KvkPtkVCe,3588,2042,2010-01-18 03:27:11Z
402,Moby Dick,272,6JmeidDyQirxVTa,6436,1386,2000-03-30 02:29:53Z
403,Lolita,88,4idvVDQe5OMFbXb,6215,1405,2006-09-04 10:28:02Z
404,War and Peace,125,IC993IFrnN8s6Fs,7062,3759,1990-03-04 01:45:33Z
405,Don Quixote,118,9Qzrz7cPIQSUtWD,3657,1807,2016-05-19 12:33:51Z
406,One Thousand and One Nights,331,ehjzqd92q9xAtDa,2594,3686,1995-08-04 22:49:26Z
407,War and Peace,374,9Vqnr5CkWglUKQI,7796,3915,1994-06-07 08:36:19Z
408,Gulliver's Travels,180,US6kwX4mN0xje9z,2939,4750,2010-05-16 09:25:28Z
409,Alice Adventures in Wonderland,362,Q9kYKrECZE8WUvV,2500,1000,2004-04-09 20:23:28Z
410,Robinson Crusoe,342,ow60a75e2MkpkL9,7382,4579,1994-06-24 18:22:30Z
411,One Hundred Years of Solitude,317,ehlYN8jtO2T6mN0,6321,381,2005-04-07 13:05:09Z
412,The Flowers of Evil,42,vDNs9Pp9KJJcTzi,7124,2528,1999-07-30 10:20:46Z
413,The Magic Mountain,125,XfDft35Zdub0V9Q,5857,2426,2007-11-26 20:08:46Z
414,One Thousand and One Nights,384,hxgwExqZSey0M5t,9298,511,1997-09-03 17:39:41Z
415,Tess of the d'Urbervilles,490,NsPs8v3Ic4ugrNH,8549,3053,2014-10-28 07:08:21Z
416,In Search of Lost Time,75,Dounw3CwDpySDzE,7030,3200,2002-08-08 08:20:55Z
417,One Thousand and One Nights,204,Br9YI2XsmqiLDOI,1053,1177,2003-04-17 02:40:49Z
418,The Divine Comedy,462,DBhFru9LNlPs5xf,9032,4550,2011-06-27 22:11:36Z
419,One Hundred Years of Solitude,326,AcfSH4yvjIw5Wlx,6795,4820,2009-08-12 11:20:33Z
420,To Kill a Mockingbird,261,MStgMA2qTiWgmLc,8748,1373,2002-07-09 19:40:33Z
421,Don Quixote,439,ISHA9jHJEM6T9YY,6081,3823,2011-06-16 10:27:21Z
422,Pride and Prejudice,37,KefuN6tH7CakNF9,8809,593,1995-11-04 09:17:19Z
423,The Lord of The Rings,433,cd2xE9HqgIO7fey,9084,995,2000-12-18 01:58:16Z
424,The Good Soldier,399,LgvxUR6ruemDQUJ,6540,645,2016-03-18 08:53:26Z
425,Pride and Prejudice,68,eYSRN6Pqk2qrQTM,7787,1980,2007-12-08 09:28:27Z
426,Tess of the d'Urbervilles,215,ijCr6J4pVLXRZCA,7275,3843,2005-06-15 18:02:10Z
427,The Good Soldier,320,2V5D7UBfpl7urKP,3157,2664,2011-04-29 04:19:30Z
428,The Divine Comedy,12,wtY0p9p0P75JVAG,9472,1715,2000-03-06 15:41:40Z
429,Tristram Shandy,144,SigLQW8PI9TJTje,3590,2641,1990-03-30 17:41:46Z
430,Gargantua and Pantagruel,8,3Tat1AzLVUbFSIy,3992,2449,1998-11-09 16:47:09Z
431,Hamlet,429,wW17Jr5tfghn1zm,1094,1209,1999-05-03 18:57:47Z
432,Tess of the d'Urbervilles,243,LNslQaE801boWAC,6860,2421,2003-05-10 13:55:33Z
433,The Flowers of Evil,253,6j1KdfWDD42puaF,6502,1580,2003-06-20 12:40:45Z
434,To the Lighthouse,88,QGMlUiN44bswCYP,6059,2400,2005-05-27 18:23:43Z
435,Madame Bovary,170,SQYwRgBEugYlEQ3,356,2504,2016-02-06 22:57:13Z
436,Hamlet,321,DPDzDL6Bbwv3V5v,9362,2003,2017-11-03 08:57:15Z
437,Paradise Lost,396,LUkcTjtfHQmVgNr,9686,4394,2014-11-29 11:56:48Z
438,Nineteen Eighty Four,187,hGt3kE1DXYc2edt,6332,2263,2011-10-30 06:38:36Z
439,Lolita,294,Psr5eKvr827DVkp,1446,2161,1997-10-13 04:14:55Z
440, Oedipus at Colonus,166,MeIKCPiouxfdK3J,3802,4409,2009-02-19 16:28:00Z
441,The Sun Also Rises,206,XCwi0YZeoKYfaVA,7228,2184,2002-12-09 05:12:15Z
442,The Sound and the Fury,54,ePQ1UmOkUpFuHQr,7163,1269,2000-05-25 06:51:18Z
443,Ulysses,193,tC13QEwTJi6RSjh,856,4360,2003-02-27 13:03:48Z
444,Les Misérables,294,3ctr7278xr1hzct,9587,2558,2007-02-12 08:54:11Z
445,Anna Karenina,488,ZJsPabstiZb8ahX,8155,2170,1996-04-29 13:07:34Z
446,To the Lighthouse,15,rmIcEfcZXsdUhPn,5269,2614,1992-08-26 22:18:07Z
447,Robinson Crusoe,247,TZIt5tmCY8HBmS9,6411,1085,1992-11-21 00:03:14Z
448,Invisible Man,108,zjxpDDlH3THzC6w,5412,3379,2013-12-28 15:04:20Z
449,To the Lighthouse,114,AOhbvNHTPWMSKHD,5598,4974,2015-01-07 19:12:41Z
450,One Hundred Years of Solitude,236,6raiUSj12ZVwbgl,8387,4513,2014-05-14 00:52:27Z
451,The Sound and the Fury,320,mZmMqRdNggvkuUp,7992,108,2010-12-21 11:19:52Z
452,The Sound and the Fury,169,lCY77brlAGDyIrF,8967,2878,2002-04-19 04:47:15Z
453,The Lord of The Rings,463,1fO88N7fuxEAKSU,5238,3855,2016-02-29 20:43:29Z
454,The Lord of The Rings,254,gF5v55rBE5Ggbsc,7180,1989,1991-11-22 13:18:01Z
455, Oedipus at Colonus,344,5lP1a8W6aKAr2Db,267,2891,1991-05-07 17:00:05Z
456,The Great Gatsby,381,2xTHfq4XecZAKqE,2757,222,2012-01-07 22:39:20Z
457,Tristram Shandy,6,jp7CAQPDl10WEH1,8601,1277,2006-08-15 18:30:14Z
458,Madame Bovary,21,RVfvtSGXZbwtbio,8931,495,1997-09-24 09:47:08Z
459,Les Misérables,154,AJL0tJh5vGmqqef,5079,3777,2005-08-25 11:25:55Z
460,Emma,191,ZTlnrQzp36Cflhc,3715,1183,2017-02-08 11:01:37Z
461,To Kill a Mockingbird,434,7YktoSo3XswwhHf,8421,3306,2019-05-10 09:42:43Z
462,War and Peace,493,37SHPjaPukbnPGg,1815,1823,1997-08-15 01:39:46Z
463,The Sound and the Fury,381,5PtB0FMFITZrwWL,4118,1643,2019-09-20 10:01:11Z
464,Game of Thrones,242,QtIuEdp8MEMW2gh,5811,876,2007-06-10 11:17:18Z
465,The Sound and the Fury,207,uzLztsTxjzvcSsU,1292,3071,2004-09-12 07:12:36Z
466,The Good Soldier,494,S3wWSdrxKaTX52o,9424,1327,2017-07-25 06:37:31Z
467,Alice Adventures in Wonderland,27,P10a2z9nxLz366V,294,1667,2016-12-27 00:35:02Z
468,The Brothers Karamazov ,166,YP7gEUV6cK0hebC,8304,4811,1995-08-13 18:30:11Z
469,Game of Thrones,495,s9406vegBQhcL4S,9128,1514,2003-09-12 05:22:42Z
470,The Old Man and the Sea,203,0kSBEZOcISPPgJd,4189,857,2020-03-29 14:48:15Z
471,The Brothers Karamazov ,495,14oQeF7sRmkEQnt,4112,531,2014-08-13 18:23:08Z
472,The Red and the Black,330,wuzBDZERI2kaGaJ,7387,1831,1995-03-09 13:58:37Z
473,Gulliver's Travels,44,NwaihCbiz6P2fpE,9038,1513,1996-07-22 07:26:10Z
474,The Lord of The Rings,106,m97CcOj6B0pmPn1,5209,1233,2012-01-28 07:44:28Z
475,The Odyssey,270,nESQRvSe4hixik9,9855,1635,1998-06-09 00:13:02Z
476,The Sound and the Fury,28,zQbqFu14svbT8J8,2882,820,2012-08-28 08:44:03Z
477,The Lord of The Rings,415,S5Qs9eemfxAd9zF,2140,3711,1991-06-17 14:49:01Z
478,The Old Man and the Sea,139,AzV8zfqE9IbJuzB,8661,2103,1997-06-07 03:55:29Z
479,The Brothers Karamazov ,342,9bEfmsa0xLoP3nf,6489,563,2015-10-12 16:01:19Z
480,In Search of Lost Time,345,UXsLNl2KvCIWgvA,653,1807,2007-06-28 06:37:56Z
481,The Old Man and the Sea,287,IN4kCHw6WbvuH3h,2162,1221,2018-12-14 00:52:12Z
482,The Flowers of Evil,136,83GuWcB4sNyk7SA,8386,228,2021-01-01 02:46:55Z
483,Gargantua and Pantagruel,5,2KzVDs7NWY66r5W,4164,2407,2000-04-10 12:01:31Z
484,Nineteen Eighty Four,157,j4OF73H7VM2OkhH,9734,962,2014-03-05 00:26:11Z
485,The Grapes of Wrath,183,T4qjmcZtej0Pazn,9882,1650,1997-11-01 09:35:43Z
486,To Kill a Mockingbird,346,w2WVUQg1Hjh5KRT,5000,2501,2019-04-29 10:23:39Z
487,Lolita,146,qJiwpMvYneN3rPG,713,2389,2020-01-21 16:43:39Z
488,Tess of the d'Urbervilles,451,crAu5pQaBCkpMvd,8543,3342,2000-12-25 04:53:25Z
489,Invisible Man,191,mPY19a7AmyPGFob,8399,3614,2001-07-17 01:11:50Z
490,The Old Man and the Sea,294,3S9GCXe8dfTXfhy,2795,4952,1991-11-11 00:56:50Z
491,Invisible Man,334,YMNfchWvgfoej9U,9324,3075,1993-11-21 19:45:35Z
492,The Flowers of Evil,137,6T4FEIyIt6nl4y2,405,2127,1993-07-11 17:46:51Z
493,The Odyssey,19,PSoHa0ALEn4RMhc,2867,3120,2011-12-18 08:54:32Z
494,Gulliver's Travels,192,aHtFZo07ZFQpxZA,3952,1510,2012-08-18 17:33:57Z
495,Pride and Prejudice,265,pe8zHFf5eS4OAqv,5947,2602,1996-09-26 15:30:11Z
496,Gulliver's Travels,434,o2mSEMwXZakEkbz,7340,4359,2018-04-13 03:45:21Z
497,The Divine Comedy,87,AshHPVSdVtnT7fw,4325,3622,2012-02-28 21:28:47Z
498,To the Lighthouse,308,KJqdxmBJfvrmkgE,5397,164,1993-07-07 21:14:19Z
499,Invisible Man,66,2OFdbEbYWkFW8i1,5094,4310,2000-03-28 13:07:32Z
500,The Magic Mountain,445,M4oK3X1KRNAxPsI,5742,423,1992-02-12 08:19:01Z
501,One Hundred Years of Solitude,77,F8KlF4uzkmU3ix4,5414,96,2005-11-09 09:47:08Z
502,The Brothers Karamazov ,377,lxsueDK51quiLtw,7674,1264,2006-10-10 08:25:10Z
503,The Red and the Black,411,kwLgVzlrAIOixXK,2529,3853,2002-12-20 15:28:11Z
504,To Kill a Mockingbird,117,syPtKQvhjr8I8Tg,8249,515,1997-11-08 22:44:25Z
505,Invisible Man,84,8YFRmAebmvhcsGF,4509,2106,1997-09-27 13:38:50Z
506,The Sound and the Fury,117,M6OkkNMDyuoQVE9,1380,2637,1992-08-14 05:20:21Z
507,To the Lighthouse,426,ysBxjfzSTIJ3VXa,8980,1070,2003-05-19 16:43:41Z
508, Oedipus at Colonus,418,uXaGDjle1vFZ2ja,6243,2802,2020-06-01 10:19:07Z
509,Anna Karenina,91,nuGLC5oqJu2QaIY,7742,3678,2012-04-02 15:17:07Z
510,The Magic Mountain,481,iUwxJvPtriMwV7X,5536,2820,1996-10-17 01:55:39Z
511,Pride and Prejudice,150,AdKMsmd3DXxi1PH,5031,4591,2017-12-07 00:10:42Z
512,Lord of the Flies,179,CyVJFECUSiBwU8j,5399,500,1997-03-25 15:07:23Z
513,Gone With the Wind,202,gSbsKCnykvHIXWd,3832,4107,1990-09-18 01:28:58Z
514,The Sound and the Fury,233,xgVV56DF7dZz1nW,8718,1390,2010-12-29 17:25:01Z
515,Moby Dick,426,LKn00GVEZqzoLyr,7029,4358,2006-11-12 15:09:38Z
516,The Brothers Karamazov ,268,ltcJwyPYbkpJKSG,2047,4931,2009-04-01 09:00:08Z
517,Hamlet,496,KDk723VCMNnBGX7,5615,1236,1995-01-25 06:22:03Z
518,The Sun Also Rises,331,gYwUqiO8YkuSGM0,3769,2517,1993-05-07 12:27:55Z
519,In Search of Lost Time,140,9zBDKz1o5nYEiGj,6550,2454,2020-03-30 05:14:25Z
520,Great Expectations,42,1WYwwQfDt8Hwfpe,743,649,2006-10-16 21:48:38Z
521,Oedipus,66,SR6cDeqS0mtKqvD,793,1880,2003-03-19 13:38:04Z
522,Tristram Shandy,155,D993HrfiaJOGf0y,4495,2796,1991-08-11 15:16:09Z
523,Gargantua and Pantagruel,247,ySEciYEDD082cEl,5555,2931,2000-09-23 01:18:00Z
524,One Thousand and One Nights,333,hOi8BlYKJReLkCP,9464,787,2001-03-21 02:10:15Z
525,In Search of Lost Time,478,WX6eG5FcdVngNAa,491,2228,2010-06-08 15:48:35Z
526,Invisible Man,438,BfUY464RZARLkEG,2967,1159,1991-10-07 18:01:49Z
527,Invisible Man,260,C6tTogjsWZf59vh,1738,2562,2007-09-16 01:13:30Z
528,Gulliver's Travels,405,z8UWbvw6CE9SbLn,2624,3742,2016-05-18 06:54:46Z
529,Game of Thrones,72,Hgr2TcvtAFI4UTK,1212,4736,2008-01-16 10:27:50Z
530,The Grapes of Wrath,231,F92STXNABuzNzu2,4728,2449,1998-06-03 07:58:12Z
531,Les Misérables,136,T6jsVVUmRHEl3bJ,4472,1745,2014-08-28 01:06:09Z
532,One Hundred Years of Solitude,52,VWDG8MgBPvsiWuo,8665,3312,2011-10-12 03:32:05Z
533,The Flowers of Evil,74,9CVy9MHMHyzNWRP,3559,2070,2014-02-13 02:47:49Z
534,The Canterbury Tales,437,xrq5aZB7AkNEEnX,5251,4102,1994-03-29 12:35:44Z
535,The Sun Also Rises,261,SjZVsw96TzKiHSR,7003,3936,1993-02-19 19:48:37Z
536,Don Quixote,110,LsCPRpQjHQKXVAE,2965,904,1990-12-13 14:53:14Z
537,The Red and the Black,41,PNhawf3r3KWOmqg,7008,1347,1991-03-17 06:02:16Z
538,Invisible Man,458,5rrxpx8O8RnwBtO,4952,315,1996-10-26 13:16:13Z
539,Pride and Prejudice,384,cloUX181xTSltEr,2321,4529,2018-06-26 21:22:56Z
540,The Brothers Karamazov ,453,f7BhMzror75PLBc,6033,1859,1990-03-25 09:49:27Z
541,Oedipus,65,faW9pXSlyerIWVT,7739,201,1993-02-04 15:36:38Z
542,To Kill a Mockingbird,411,fNbSiWiIbxzgHzz,390,1407,2002-06-08 07:06:44Z
543,Madame Bovary,439,FPDOWtyGdql1vNE,7440,1185,1998-01-08 08:15:20Z
544,In Search of Lost Time,411,M6MDXNTrEAUVDfI,1812,1975,2009-07-08 15:20:49Z
545,The Sun Also Rises,487,DyNoG1YNgia0SKq,4435,4458,1995-01-24 22:31:49Z
546,Tristram Shandy,436,BOGE7npL8q7IPKi,2035,4168,2011-02-12 18:47:46Z
547,The Metamorphosis,329,0AsLxM08Im6LZAw,4338,2894,2017-01-17 08:26:09Z
548,Les Misérables,15,aRU7J1DnEYkQDPc,8712,4947,1994-01-09 16:48:30Z
549,Nineteen Eighty Four,485,JMCON6aKff8R3cO,6954,608,1992-07-26 22:50:46Z
550,The Sound and the Fury,373,tLH9XTbffITLvGm,8356,3467,2010-06-16 05:04:44Z
551, Oedipus at Colonus,483,jZuakugbKTbTDG6,442,4245,1991-12-21 00:27:08Z
552,The Good Soldier,141,dkfPSNju9oNhkm3,8539,3775,2021-01-05 15:08:50Z
553,Nineteen Eighty Four,395,jtulXAuly8HR0Ff,2317,1131,2009-01-13 12:26:39Z
554,The Sound and the Fury,276,WZ7MPdcbaJx6fil,1920,3710,1997-09-22 00:23:33Z
555,One Thousand and One Nights,174,CvPudgS1HtLXLZx,4989,667,2001-06-28 12:41:06Z
556,The Great Gatsby,75,9qmZyMna94E4b9s,9831,4601,1993-10-08 06:39:11Z
557,Les Misérables,87,Zw6u3CBuO9mQE0H,4784,3255,2005-02-09 07:11:27Z
558,Alice Adventures in Wonderland,248,WfZXlkyX6pfNn2c,7328,1971,2019-12-12 03:49:54Z
559,The Sound and the Fury,366,nIynoM3IrRRjPeo,4195,845,2002-12-25 14:39:35Z
560,The Good Soldier,316,dkLu4OTRjhvvPx6,1653,905,1991-08-12 12:47:54Z
561,Great Expectations,153,NPuh9aTJIEfUCcb,9869,4466,2002-02-13 22:41:02Z
562,Madame Bovary,358,ZmOPamEvrGR8fKr,3335,4318,1997-10-27 08:37:41Z
563,Lolita,235,3rtDnZ5oQtgU5uK,8865,2691,1992-01-21 06:47:13Z
564,The Flowers of Evil,242,6yLDIco0ApIUhri,4316,1775,2014-06-13 10:01:13Z
565,The Brothers Karamazov ,415,wjqW0jY6PINxPbW,7910,956,2009-04-22 20:30:39Z
566,Gargantua and Pantagruel,214,nL9n6BvuP79ZdbG,8099,1349,2009-03-28 16:52:11Z
567,Les Misérables,449,T999QYUdJAJDK16,4566,4630,2005-03-07 09:57:49Z
568,The Magic Mountain,19,2VFxn362OTSqo7B,4965,1704,2018-09-12 11:48:23Z
569,Les Misérables,193,56UJxZxVDD6GnKk,7029,2861,1996-07-21 02:53:44Z
570,Tess of the d'Urbervilles,90,Rf39DDVani7K1St,1558,2378,2003-10-05 22:13:37Z
571,David Copperfield,421,XUuN4mRanCvCo3a,7425,1479,2012-06-25 14:18:32Z
572,David Copperfield,2,tZzDndxoikpfpT0,4266,4057,2000-10-01 03:18:07Z
573,Game of Thrones,124,FQDrofAYRrTAyFj,6489,4736,2016-06-07 09:12:27Z
574,Pride and Prejudice,191,uacSy8aW2oJuxkw,1324,695,2007-01-18 04:22:48Z
575,Wuthering Heights,151,CVPrLdt1wG2SQMN,2009,2113,2017-02-06 07:25:20Z
576,Paradise Lost,170,vDKsPpRmjZIZ6iR,2353,4448,1994-11-28 18:22:38Z
577,The Red and the Black,144,f54Vvfe46XAdnAv,4711,980,2005-10-29 11:18:52Z
578,Alice Adventures in Wonderland,395,QnJnbRjQq0vowUU,5104,518,1992-07-24 11:10:01Z
579,Invisible Man,42,nNHqk1KlYXIorm2,448,3197,2001-12-28 02:18:36Z
580,The Odyssey,177,8I19XNY6vTifZTk,9784,2015,2006-06-14 05:22:16Z
581,Paradise Lost,345,m3NC0x4ncw1Iis2,7878,1936,1990-01-27 09:21:19Z
582,Don Quixote,57,dtDZswYeEUbOGJL,5447,748,2016-06-16 15:05:42Z
583,In Search of Lost Time,86,CPgt0W0RWdwuTxY,2064,4287,1992-03-27 06:46:48Z
584,The Old Man and the Sea,240,vnMcRgoDY5iAJLC,5386,578,1997-05-26 01:04:45Z
585,Les Misérables,203,2tunyBavV5wuGo4,5596,3764,2012-05-24 09:22:48Z
586,The Flowers of Evil,396,PByhLiwBsbNTsg3,8270,170,2020-05-24 03:11:04Z
587,Robinson Crusoe,214,63MpSWV6kH6fmAe,2422,1050,2008-02-12 20:03:18Z
588,Tess of the d'Urbervilles,165,MB13XZois2k1n82,4830,3319,2001-07-27 11:37:11Z
589,Gargantua and Pantagruel,10,Ryht7mLTHDiAoad,9619,2650,2019-02-23 13:13:37Z
590,The Grapes of Wrath,70,0QUFOqxOIaAkE0q,6954,4631,2006-08-19 12:28:47Z
591,Game of Thrones,486,ODLZ8smhYPprcmg,9457,3122,1999-10-23 18:24:34Z
592,War and Peace,421,ZH0OorEhUuSGCDR,8338,2633,2006-03-17 20:36:19Z
593,Vanity Fair,70,NEYk5K9pYkNwRHd,9718,4147,1999-10-17 16:20:55Z
594,The Canterbury Tales,254,e3VdS3qAfA8mJPH,1399,1900,2000-11-26 01:52:30Z
595,The Sound and the Fury,134,9rDhDTmDMCj4qkq,6888,3839,2012-03-03 13:41:45Z
596,Nineteen Eighty Four,252,TssKU91R9omVvPW,6226,3519,2018-01-14 22:46:33Z
597,The Handmaid's Tale,171,ahroTL6IfqMtzVI,2837,292,2000-08-07 17:33:14Z
598, Oedipus at Colonus,123,4bZF2xyg5sXRmnU,5405,434,1991-06-06 12:07:38Z
599,The Good Soldier,256,gQjl3bxBFWSwN4G,711,1617,2011-08-25 03:16:00Z
600,Tristram Shandy,37,fosxqgs6kV52ySM,9113,371,1993-11-08 16:16:53Z
601,Les Misérables,426,Hn88MadSfFMD7Ko,1217,2448,2001-10-27 09:41:26Z
602,Emma,13,RvIwGJTKKLxlKri,5111,2517,1993-07-22 00:25:46Z
603,The Metamorphosis,126,OtaAN4dmZzlqNEo,3838,739,1996-02-15 21:01:51Z
604,The Canterbury Tales,286,ea515kZ1Opf3CpJ,950,1309,2011-06-08 13:22:45Z
605,Gone With the Wind,4,Va0t3O2kXDK6kRC,5526,145,1990-01-16 22:22:01Z
606,David Copperfield,89,ls9GoVSwx5ZkaE1,5116,3165,2001-01-08 01:07:49Z
607,Tess of the d'Urbervilles,364,jyNIhXxL9oPOB3I,2236,1215,1992-07-27 06:21:00Z
608,The Canterbury Tales,345,ldKeUB6jUt8aRaN,7658,1976,2021-02-11 17:25:55Z
609,Anna Karenina,419,0mfHzCigsYHmoW3,4707,771,1991-03-15 01:54:30Z
610,Hamlet,231,0xBT2XQuuanT2z3,1110,2614,2014-04-24 04:15:01Z
611,The Canterbury Tales,407,iYegkY1QUyJoUyt,6804,726,2004-03-02 15:22:11Z
612,Hamlet,23,BnP5iISvaq8d5X0,6701,1776,2017-11-03 03:17:30Z
613,Oedipus,86,iSxFEyXwmhVd2Uc,3053,601,1991-01-02 00:42:57Z
614,Great Expectations,169,ySSwSeBshScrmvC,2310,4773,1991-07-30 20:20:55Z
615,The Good Soldier,455,7U3kCQd9MM78xvB,810,1468,2008-10-31 18:48:09Z
616,To the Lighthouse,320,zhExFpEAZOXUbZ4,9767,2224,1991-12-22 07:15:29Z
617,Paradise Lost,390,Pc58luHuuiqDC8d,3846,1602,1994-03-29 04:32:43Z
618,To the Lighthouse,220,kpYmXu1JIKvzVKr,4545,1268,1999-02-17 11:37:45Z
619,The Flowers of Evil,173,1A8q9ISGCzBVSNH,7412,3,2017-11-03 09:32:51Z
620,Emma,71,INmq6QPvpzUgmYE,8636,104,2016-06-21 01:42:58Z
621,Les Misérables,412,ZOHieuXMck10cXb,3582,4170,2014-08-06 01:20:30Z
622,The Brothers Karamazov ,348,fV5BXrxiJyYMbys,7676,86,1998-11-30 14:50:55Z
623,The Flowers of Evil,278,mejeP658TbhmMit,3,2522,2010-10-14 00:42:02Z
624, Oedipus at Colonus,85,AhHBCE3GuuwThyN,5619,3098,1996-10-12 19:04:44Z
625,The Red and the Black,99,fMRRHM4CgiTj6H5,8875,4492,2003-02-17 08:45:51Z
626,To the Lighthouse,125,LLRGZeM8ZFVlyuw,7785,4505,2016-06-11 16:15:44Z
627,Lord of the Flies,117,QbrU6pZIUF7FFzG,5063,2744,2000-03-10 13:53:28Z
628,The Handmaid's Tale,257,GIGnb5JKe87AprK,2571,1560,1990-05-07 21:00:31Z
629,The Odyssey,330,r7xUJ6KTup5kMzB,9584,1032,1995-06-18 21:27:07Z
630,Alice Adventures in Wonderland,405,axXEQ3hk9PdZqnk,27,1140,2000-02-12 14:12:20Z
631,Lolita,59,8aRDtzlYhiIWhw1,9089,2169,1996-06-27 01:55:19Z
632,Lolita,204,UTlKqId5cqqZn8z,8022,3799,2001-11-13 19:55:50Z
633,In Search of Lost Time,137,DOWZNAQywPB6tHp,9197,1309,1991-11-16 14:39:40Z
634,The Odyssey,181,O5lZTidxiwCi6Us,2598,4603,1996-02-07 20:52:09Z
635,The Metamorphosis,13,FpGcl2N2kM1Idml,9544,1269,1999-09-23 10:27:09Z
636,David Copperfield,285,skhxsdx7Ml3ftNF,8773,4574,2000-08-03 21:26:21Z
637,Game of Thrones,100,OnUOmksJ1YGX1DE,4981,1957,2015-02-01 05:39:30Z
638,The Good Soldier,57,1tJahHPPNnYSJYO,1678,1895,2005-01-06 10:02:06Z
639,War and Peace,419,Oy00gnHZqogcfdJ,1788,121,2009-04-18 03:52:43Z
640,Madame Bovary,376,4GJn0LDhAO35lrR,7244,3077,1992-09-25 05:41:38Z
641,War and Peace,470,trOSba7tFuE5tXA,2720,1124,2009-07-30 02:30:12Z
642,The Handmaid's Tale,269,hdt3gxgvGRKZ5m3,6222,598,1991-04-29 11:47:10Z
643,In Search of Lost Time,389,iVly9FhGsHJqyrg,4427,4677,2008-01-11 22:56:37Z
644,The Good Soldier,479,EoUA9dsxW9rLh49,5226,3447,2007-11-28 04:25:16Z
645,Gargantua and Pantagruel,469,E5kljOMkJ8YhKoE,5401,3155,1990-05-15 07:47:40Z
646,Alice Adventures in Wonderland,256,9g6DRYbIpSrQEZ2,1465,2898,1994-08-15 09:32:12Z
647,Don Quixote,192,y1lBia78P6ZkEmK,9222,951,2011-12-13 19:42:13Z
648,One Thousand and One Nights,196,AIu1uoRjS0IILpW,8980,3557,2012-04-01 07:27:18Z
649,The Lord of The Rings,404,xgZNN0XaJVdl3xi,2191,1597,2020-05-31 08:06:44Z
650,Gulliver's Travels,243,8PzxHA4AEUU6UUa,528,3565,2019-03-20 09:58:45Z
651,Oedipus,33,cGJeAe5iD1Ca8YD,2446,2071,1997-05-29 08:23:16Z
652,The Good Soldier,423,N234pKU6rQLWr8g,9106,2585,1994-05-03 17:15:04Z
653,Nineteen Eighty Four,456,bopqAuaUw3P5lHj,2648,1951,2012-11-14 21:19:09Z
654,Ulysses,13,VQ3UzPfTv58bQAe,3237,955,1998-10-03 21:22:28Z
655,Tristram Shandy,24,4x62XhJ7uonTZGa,5983,356,1998-09-03 13:28:58Z
656,War and Peace,337,TP4ZtDOZi3N8g2X,1361,3865,2009-02-19 22:13:46Z
657,The Metamorphosis,346,ENvq1H37DQHnmdH,4234,4548,2006-02-16 05:04:24Z
658,Moby Dick,64,3sqIy2CZ2qizM8X,3735,1491,2010-07-01 21:10:42Z
659,Vanity Fair,124,vpnLDrihR1F17K8,859,431,1990-06-28 19:14:56Z
660,The Great Gatsby,317,5chI6adBZec5dKq,9781,3565,2000-06-22 03:16:57Z
661,The Old Man and the Sea,52,ZMUj0J1KSsBstgj,6107,571,2015-04-09 19:39:21Z
662,One Hundred Years of Solitude,124,e5YCI4yvpzVI6m1,6213,4365,2007-06-03 07:09:12Z
663,Tristram Shandy,227,7cJsBdIbt37zocH,7222,1319,2005-05-08 21:21:52Z
664,Robinson Crusoe,192,m9PL7GCUCDcbj9L,7820,1465,2006-10-06 08:36:13Z
665,Pride and Prejudice,392,NKuzDpQEjjEgtvS,1629,1670,2011-09-14 12:53:46Z
666,Anna Karenina,6,htFrozfvJnNCBNR,9810,3310,2014-05-20 22:52:51Z
667,One Hundred Years of Solitude,233,cAAXC4pEACJNG87,6129,1247,1991-11-15 18:54:52Z
668,The Sun Also Rises,366,Q6Ds3IyRICQnroc,4645,4273,2005-04-22 12:12:00Z
669,Tess of the d'Urbervilles,498,KArKszEkk6Rta9M,7643,4723,1996-01-28 17:00:10Z
670,The Sound and the Fury,173,Q7xk6aTTtZ72rM7,904,2230,1991-11-16 10:40:40Z
671,To the Lighthouse,460,CdosmAQ0yUoaM5P,1379,764,1998-03-28 14:32:18Z
672,One Thousand and One Nights,52,ei8GS7sJo0CuHSr,7044,1463,2004-08-23 12:08:32Z
673,The Great Gatsby,390,vJM5SZD2ljXJKn4,9569,4460,1992-11-30 04:00:34Z
674,The Canterbury Tales,88,H0biUFvUibwN6GC,4251,3707,2008-08-07 22:25:10Z
675,The Flowers of Evil,72,hEXfpCWDMl9EE01,7226,3980,2016-05-27 05:47:41Z
676,Vanity Fair,213,811pbZms9Xr4e7j,911,1428,1996-03-02 09:33:35Z
677,Invisible Man,9,7j21Kl65bJnZoyX,9265,3235,2008-04-02 20:58:41Z
678,Robinson Crusoe,473,WvNu7mTyyA03Gih,4461,607,1991-10-07 10:15:44Z
679,The Odyssey,271,4R4Qu9s7TjmgG60,9818,1608,1994-02-17 07:48:23Z
680,To Kill a Mockingbird,454,RXGIv5PHLfNTdCV,5671,4116,1993-02-21 01:30:19Z
681,Madame Bovary,18,afREHHaCIGXn3n1,9556,165,1991-12-17 10:25:00Z
682,The Divine Comedy,318,X58jfsWSkxUqne1,1352,5,2013-09-20 10:04:11Z
683,The Old Man and the Sea,207,b57IAc2CBh13IIi,9238,1610,2014-07-17 18:46:48Z
684,Gone With the Wind,475,NcK5cqhxbRghnhj,3467,4184,2012-05-08 17:18:07Z
685,Gargantua and Pantagruel,294,s9bzJSYTk28uqzg,4198,1787,2005-04-21 17:25:36Z
686,The Metamorphosis,304,5Xub8EDPyb2c6A0,3911,2511,1991-06-08 22:54:38Z
687,Paradise Lost,398,3fTSZyXV7GXfbY1,4155,1189,2006-09-15 14:09:17Z
688,Ulysses,191,kZfGPXoq7Rk15pw,6457,2189,2003-08-06 02:53:20Z
689,Gone With the Wind,247,Y9nntYBdfFHs23s,1403,4807,1999-09-02 09:25:13Z
690,The Odyssey,271,5uc3LtL3BC4HGlu,9310,1472,2019-01-24 18:05:45Z
691,Ulysses,476,3usSJl6HQhbr2Qf,8434,3769,1999-11-26 04:05:39Z
692,The Brothers Karamazov ,392,mhMXHeawwIxiIdb,408,1455,1992-08-28 20:38:34Z
693,Paradise Lost,449,1owFCvjrR57Gu6N,8303,3150,2015-12-08 17:39:33Z
694,Game of Thrones,355,WXTR4AvTM7nVsUZ,3917,37,1996-08-25 09:30:37Z
695,Anna Karenina,185,qGEPRzy8Uw6Zste,6572,3471,2006-04-25 14:44:07Z
696,Alice Adventures in Wonderland,298,ffNbucIjELAnK0u,4779,2457,2002-02-02 22:18:32Z
697,Gargantua and Pantagruel,455,rpfit9BaOifiuEY,702,2596,1995-09-22 04:51:13Z
698,Oedipus,43,Uy6CHWJyCukfvO4,4109,2903,1992-01-03 17:45:04Z
699,Paradise Lost,140,AZGTcHV3q9jLtx6,8939,308,1992-08-12 17:27:48Z
700,The Canterbury Tales,276,mzmvmyd6Aoh5nBD,6880,3424,2011-08-21 19:53:30Z
701,Anna Karenina,23,KmnKrqULc01ed0W,7205,439,1996-04-16 01:33:31Z
702,Moby Dick,430,T2AYDw8PCawbJ9n,7823,1273,2010-12-05 10:04:05Z
703,Gargantua and Pantagruel,267,jzU8vscmg7uTSqR,2766,2070,2005-06-08 13:48:03Z
704,David Copperfield,202,MsbZx4DIvhVbity,2107,2685,2008-03-02 18:15:28Z
705,Vanity Fair,343,VG7YDjf7d2aIPTS,6556,3555,2004-04-14 19:58:45Z
706,Invisible Man,121,thlRDOPa5xCGTzf,78,2743,1998-05-27 13:50:33Z
707,Alice Adventures in Wonderland,299,i3P5Gyna5X0O0bS,4465,3564,1997-03-03 10:29:19Z
708,Moby Dick,99,8yMbRsKFpl6CXyT,1498,3071,1998-10-12 08:06:42Z
709,One Thousand and One Nights,301,piPy2nHmQVrQG3W,3575,3519,2013-08-04 06:10:37Z
710,The Divine Comedy,202,4nYEzO7GdfNg3C3,2902,2291,2007-05-06 22:40:40Z
711,The Lord of The Rings,270,NPP5pWaR8vJULdi,2909,1953,1999-06-16 05:13:44Z
712,The Divine Comedy,187,dTyczmnNsPFLzkS,2904,3710,1991-05-03 05:14:44Z
713,Lolita,353,rx4QkXbbwT2vl13,5965,3311,2000-05-21 12:26:05Z
714,Game of Thrones,148,srFAfLhomtmGo5W,454,4173,1998-04-24 18:18:51Z
715,Invisible Man,404,ra0bi4MSmmfLifW,9394,1289,1997-05-29 15:14:01Z
716,Pride and Prejudice,379,OpSRsLRwav3Xkot,9849,3675,2003-02-05 10:58:28Z
717,Don Quixote,375,yhcUhELrwsplwQm,4821,572,2000-05-08 19:04:24Z
718,Paradise Lost,63,wRgP6zk9QF4euP0,7486,3495,1997-08-09 01:07:39Z
719,The Red and the Black,27,7tG6UpoEUJZpCBz,2505,4370,1996-02-04 16:23:30Z
720,Tess of the d'Urbervilles,383,2OQkIzWhc2Nigz3,2487,1647,2009-08-19 00:34:19Z
721,Wuthering Heights,288,xs29L56ghF7OrEF,5087,1188,2020-07-05 14:56:47Z
722,To Kill a Mockingbird,233,Sa86YveRagoc1Q0,1802,3024,2005-12-07 08:40:27Z
723,Gone With the Wind,296,LKPHwlsYv8PjjM8,5588,3754,1991-07-08 18:31:41Z
724, Oedipus at Colonus,307,NOYxBbbIAtzwvIo,7087,3422,2012-06-28 03:51:27Z
725,The Handmaid's Tale,348,Q8m6lnoC3IiB2Yy,6970,4765,2000-03-07 19:14:49Z
726,Lolita,209,NZGVHyjLImhHyYe,8452,2507,2000-10-19 16:55:38Z
727,Moby Dick,61,wT2BLimV1giZhfS,5411,1145,1999-12-22 21:24:23Z
728,Les Misérables,130,9ScdV4IxvASUBPw,3872,3161,2006-02-15 06:40:35Z
729,The Magic Mountain,491,7VMxdmrwtbD2ssE,2818,2203,2012-10-18 16:46:23Z
730,The Scarlet Letter,88,RSb5T4HootTfIIG,6670,928,1991-10-19 05:33:52Z
731,Invisible Man,182,EpiOz72djsK5fBq,3917,4397,2009-01-20 18:23:08Z
732,Vanity Fair,108,5IUDhtLpST5WQup,2818,3475,2014-05-08 05:43:46Z
733,The Brothers Karamazov ,106,knepV7FiNpbmFf3,3487,3700,2002-05-27 00:51:35Z
734,The Good Soldier,329,anMUGm3oa75taCE,8429,3584,1996-06-17 17:42:41Z
735,To Kill a Mockingbird,63,kwxafVuGlB8EBIn,9895,4650,2000-01-01 00:01:39Z
736,The Canterbury Tales,379,dTpiUp017lfmhSM,3795,1567,2011-04-01 19:19:42Z
737,Tristram Shandy,482,CrFNzYqxcaBUH0x,4262,2193,2014-01-05 03:00:27Z
738,The Sun Also Rises,255,Fqt6rVyzCBVn0Ob,43,2335,1998-12-06 18:02:11Z
739,The Sun Also Rises,483,EhgPZijafgM9gGc,9773,2243,2010-06-08 13:58:17Z
740,Gargantua and Pantagruel,104,6L9vqtodTjsoZLF,3893,1403,2004-07-23 13:49:06Z
741,Paradise Lost,120,53ATWYmhpTUjDax,8836,3501,2016-10-26 01:52:25Z
742,Ulysses,224,DxWQSgr5FS6E1pa,2795,361,2011-10-04 00:03:20Z
743, Oedipus at Colonus,302,B7ek39DvyHc7fAI,3132,53,2020-03-13 08:13:16Z
744,The Old Man and the Sea,179,5MRj8LYuG8LUSy6,8040,4696,1991-01-13 12:08:55Z
745,Vanity Fair,359,4Q6XBF70U4liXmZ,844,2860,2002-10-17 08:20:57Z
746,Les Misérables,341,zeEJbMt8ZgeWTCy,3792,3237,1994-06-30 03:50:24Z
747,David Copperfield,133,jLg67tjDtkkG275,5185,3234,2008-05-22 21:11:01Z
748,The Divine Comedy,125,GCvBtM0cQIOe84P,7784,1229,2016-08-19 10:44:45Z
749,Oedipus,467,5asmeRdfPq5a4Mr,8312,4276,2017-12-04 03:18:57Z
750,Paradise Lost,226,7lYyqUiIdXGzlBj,3631,894,2014-10-23 14:58:48Z
751,The Great Gatsby,245,VjhBl1nZ7Q8uBFd,7875,877,2011-07-25 12:26:02Z
752,Ulysses,181,GyRg7gVpn4GDOJT,9428,1392,2016-03-07 22:08:33Z
753,War and Peace,133,iRsAbSQkbiNbMUU,6826,4422,2009-03-06 13:19:49Z
754,The Red and the Black,17,On1uQmEoxdhsPPg,9070,1876,2001-06-28 07:39:29Z
755,The Grapes of Wrath,350,Gl6JFh8SaoOdWki,17,4820,2001-10-06 20:24:57Z
756,Paradise Lost,309,EbWrN8fPgN6uITd,9837,595,2015-08-22 04:06:04Z
757,The Grapes of Wrath,386,JTzWWRlltb92ssz,7554,1606,2019-01-08 09:41:15Z
758,To the Lighthouse,420,ZqeYwlxiiDpMXYl,1387,4767,2019-01-01 14:12:17Z
759,Don Quixote,223,uQSD1LpSgtdZq23,8288,4979,2019-03-10 20:25:47Z
760,The Great Gatsby,256,bWswbwnNhQOuIeh,9388,1843,2017-10-02 17:08:28Z
761,The Red and the Black,492,5QDFmRZsnru0rIY,2126,2617,2017-09-18 11:55:08Z
762,Tristram Shandy,63,vVc9giD4ChXxgYq,82,4656,1994-01-13 12:35:02Z
763,Robinson Crusoe,318,zx8pOQ78zdIRuKR,8884,817,2008-06-28 18:41:18Z
764,Les Misérables,174,2yz2kyl0FXrmMi2,8151,3237,1992-07-11 13:31:18Z
765,Robinson Crusoe,54,50nOXAPpTfbF1YX,3671,791,1997-03-02 14:03:53Z
766,The Great Gatsby,273,FURwInuxBer4C6j,2241,4244,2015-11-26 16:22:06Z
767,The Flowers of Evil,229,BZQsZTrUM2Si3GO,1135,211,2007-12-31 16:24:35Z
768,Don Quixote,244,VakAvOLpaV2QW24,3399,2399,2000-05-24 03:29:01Z
769,Lolita,198,pHmspyYU1154SyS,9258,464,1990-08-11 04:50:11Z
770,Hamlet,416,2OHOOFaoclB52Jg,5184,4284,1990-12-14 00:00:23Z
771,To the Lighthouse,482,mgKZFdy2MnSudhj,1660,1186,2003-10-22 04:27:18Z
772,The Magic Mountain,449,avjfWzLAbbQfsDq,3414,876,2010-08-29 16:49:16Z
773,The Good Soldier,203,C8R1wjK7oWmunf8,4466,265,1990-06-10 14:50:17Z
774,Moby Dick,21,1GiGCxkbm0WhgE7,3948,2168,1998-04-17 11:36:08Z
775,Game of Thrones,158,DzMNpyotGz5avOd,1345,805,1992-01-04 21:00:53Z
776,The Magic Mountain,484,bWFmMkyk3vwfQ0k,9234,3093,2020-06-17 02:15:41Z
777,The Handmaid's Tale,327,MK7ITiNFZw1u0jM,4474,713,1999-02-15 05:01:38Z
778,The Brothers Karamazov ,362,NSjISBwAQ0s2cOc,4970,233,2011-02-22 15:21:42Z
779,Vanity Fair,47,uVag87di9Obu0uZ,9211,292,2009-09-27 17:35:52Z
780,Alice Adventures in Wonderland,349,uMqxLW8lAyMzx2f,8152,232,2014-07-13 06:42:38Z
781,The Grapes of Wrath,248,munumu7wMmoqTRK,2928,1029,1990-09-03 14:25:54Z
782,War and Peace,463,lCiyszlZDtrEChl,3585,4289,1991-06-01 00:58:12Z
783,Don Quixote,102,Lg2eFrAjj8yBsE5,2319,4829,2008-09-26 04:35:55Z
784,The Metamorphosis,110,HulpwY3osczWR0U,5198,3603,1991-03-19 03:08:05Z
785,Lord of the Flies,260,3S5yDYAiPjTuudB,2364,899,2010-11-09 07:05:33Z
786,Tess of the d'Urbervilles,351,nXnEdixdH3NsX0k,8418,1281,2012-08-26 20:34:46Z
787,The Brothers Karamazov ,48,kCqx8dvI7AkRaaT,5170,14,2004-05-30 02:10:50Z
788,The Sun Also Rises,385,oYlzEXpS4pRCCxu,8216,4962,2001-04-06 17:15:41Z
789,Gargantua and Pantagruel,278,JZ6M3HpxOEQBZXo,7026,3800,1999-04-02 16:39:36Z
790,Don Quixote,193,RsPnHyFPE2zbZHK,7624,891,1997-07-09 19:02:57Z
791,Gargantua and Pantagruel,380,VbVoA89G5ABpdod,5596,4886,1994-07-17 18:11:09Z
792,The Good Soldier,464,OjkhhavFZf74LwK,924,1409,1992-08-16 17:53:25Z
793,Robinson Crusoe,232,qHrq34JjlvgGFZb,4528,3403,1995-05-19 21:36:09Z
794,The Sun Also Rises,370,RwyDhGYpe1G4azu,8708,944,1998-01-19 21:21:08Z
795,The Lord of The Rings,339,Fq0nFtgvSKXZ3E0,6224,2339,1996-08-20 02:01:14Z
796,The Brothers Karamazov ,250,Bm5StWOKkmGtWqd,3119,4715,2020-08-23 02:47:43Z
797,The Great Gatsby,216,0xUncIDobGLzBJa,7866,2063,1991-12-19 00:45:46Z
798,Ulysses,171,d593JCJJu8LEfYs,7855,97,2006-11-18 22:39:36Z
799,Anna Karenina,433,cJfLpuuQnDc1rcP,9102,3032,1999-01-11 21:25:50Z
800,The Sound and the Fury,38,5YqR8OzHsSDgtn0,4736,2074,1990-06-16 16:31:00Z
801,The Great Gatsby,268,BTwmWXpvAnFkx9d,7618,153,2015-07-25 21:42:33Z
802,War and Peace,471,fRuyhZJSD21p7Ml,4690,3737,1991-10-08 12:02:52Z
803,Paradise Lost,23,De6PpsEU8XXQVli,1319,1756,2017-02-18 07:01:42Z
804,Gulliver's Travels,157,fiaVLpBkD0OrUkJ,4780,2852,2020-10-27 12:52:17Z
805,The Good Soldier,467,Q1L5LLinUHKarPX,8909,3264,2019-09-20 18:19:25Z
806,Alice Adventures in Wonderland,454,OhMYvCKDB5mJdAu,8450,2043,2005-05-23 04:52:33Z
807,Don Quixote,77,cOLF35fQfI76X9x,7945,3000,1995-04-10 01:08:29Z
808, Oedipus at Colonus,45,324GXzNNUEXtKj6,2691,597,2006-04-30 15:06:01Z
809,The Sun Also Rises,28,W1mrltfAoXISM9z,1233,2124,1999-04-21 20:36:51Z
810,Pride and Prejudice,127,nNo36m07EWzhPvI,6048,2478,2015-11-06 01:43:20Z
811,Hamlet,136,tRRYPyG4LWl8d7z,5637,1908,2015-04-15 09:04:54Z
812,Robinson Crusoe,223,kWRqZxxP4l64moO,5968,774,2019-12-10 10:37:10Z
813,War and Peace,392,popQq557VWzrC7H,6938,563,2002-05-22 02:40:22Z
814,The Sun Also Rises,18,N4JNQHdtQ6jmCuh,1041,1622,2020-08-02 15:35:32Z
815,Ulysses,477,LnCQVPD7ZImcWhs,6691,4205,2017-04-26 14:32:45Z
816,One Thousand and One Nights,165,E6jSwss4da67jO0,1243,2454,1996-07-24 22:09:28Z
817,To the Lighthouse,147,LjlTyt5OLsT7Tv7,2784,1176,2011-08-31 05:07:02Z
818,Vanity Fair,287,Jb9uIVwS0ooYsLZ,9091,905,2007-05-27 04:44:14Z
819,The Magic Mountain,136,hWh5udQSQv9b1z9,7910,4410,2002-12-04 09:27:17Z
820,The Lord of The Rings,184,OFzwCj0oU3KcYlZ,278,4178,2008-06-14 08:22:37Z
821,Lolita,367,hFLvTVzx819Tz5q,2167,3593,2003-01-16 02:38:32Z
822,David Copperfield,184,kLcXj26RteWRr0y,5355,1494,2005-11-17 02:11:34Z
823,Vanity Fair,144,kGJXn8fEL0slj07,2451,4625,1990-10-10 13:14:48Z
824,Madame Bovary,322,9W42zJcewL32Raf,3064,1560,1997-07-19 09:10:25Z
825,The Brothers Karamazov ,126,OqUQKKAJdGcJAtF,6718,4604,2012-09-01 08:55:23Z
826,The Lord of The Rings,480,qyasQAYSNAHpLe3,2859,1615,2013-12-10 00:25:45Z
827,The Sound and the Fury,138,ejNjfcFC0jtobuc,7453,753,1992-07-17 18:14:08Z
828,The Divine Comedy,33,3LBbBKWOL0h5ICb,8934,4207,1994-02-24 22:15:05Z
829,One Thousand and One Nights,417,bh1B2V8kIlfTYdB,536,4296,2005-01-14 07:32:47Z
830,The Red and the Black,408,TrsL7GKm8bVk3JJ,4829,4463,1996-08-26 06:23:19Z
831,War and Peace,363,CazEHwv4CgsiTKJ,36,2358,2020-06-07 22:31:51Z
832,The Great Gatsby,441,H3r9bUgfep8pvIB,463,4183,1996-07-14 12:18:03Z
833,Anna Karenina,302,0TtMxaVG0AhrLZw,3242,2862,2005-10-13 00:13:51Z
834,Wuthering Heights,252,Y1b5IUVtz6R1qrH,7297,428,1994-10-07 13:07:39Z
835,Lord of the Flies,219,0mC27yC6texUVWf,1971,3858,2005-12-27 06:42:44Z
836,The Divine Comedy,277,Gmbv5ESN0KakSGb,3786,4635,2014-05-20 22:33:21Z
837,Tess of the d'Urbervilles,183,wWk7xlYfq6E6QgC,1176,4381,2003-04-12 06:56:09Z
838,Gulliver's Travels,383,MGUIV6vULNPpZVH,4983,3067,2004-01-27 15:43:38Z
839,Lord of the Flies,77,L13oHIG4M0lX1dd,526,2854,2018-05-27 14:52:42Z
840,The Grapes of Wrath,426,mvu5offLH96JQbR,6568,1003,1992-08-29 07:02:48Z
841,Ulysses,486,QBIYFzCUbKAQ3WN,4477,2026,2011-09-21 15:28:22Z
842,The Red and the Black,162,MlSPZxZ7Czxe4gH,4167,1741,1992-09-10 14:29:58Z
843,The Magic Mountain,90,YS9n3WJUkVr5xxk,6263,2670,1990-09-14 04:57:26Z
844,Game of Thrones,432,T5RRTYtZU6a46aK,5142,3042,2017-11-24 11:12:08Z
845,Moby Dick,298,UmvcHexRtSaqslF,8295,4645,2016-06-22 21:21:57Z
846,Great Expectations,445,nMWfkF62sGU7oi5,6236,4604,2007-01-17 15:40:35Z
847,The Sun Also Rises,369,c4gDjWM0m7tHPu8,2055,1044,2015-02-22 09:41:34Z
848,Robinson Crusoe,323,aQ9NByTqRHc4lDB,3662,2526,2006-07-09 05:41:00Z
849,Gulliver's Travels,216,q26Ub2LxJEPGwjJ,1714,165,1999-07-10 06:26:00Z
850,Ulysses,415,XJLb4LUpne0TVEd,8678,4037,1993-01-30 07:18:49Z
851,Wuthering Heights,478,OwWWNZtda3CjLQb,2687,3111,2016-01-19 09:36:35Z
852,Invisible Man,131,xFibcVqd9BL7oiz,1090,1318,2018-04-01 00:24:24Z
853,Nineteen Eighty Four,253,RlWzqdatVRgiQp8,2765,684,2013-03-06 09:03:32Z
854,The Grapes of Wrath,151,xrxsIskh0fkQzGg,9974,24,2007-07-22 06:49:39Z
855,Alice Adventures in Wonderland,4,ibSm2pAP7RSjH3u,2905,85,2013-09-18 17:40:02Z
856,The Lord of The Rings,195,ILmuZeQKnprOR0F,7167,4342,2016-02-16 06:36:58Z
857,The Sun Also Rises,264,YGPQQF5b72DJbP5,6014,3759,2011-11-27 02:39:52Z
858,To the Lighthouse,332,db5C20wDYmoNnJN,9854,414,2011-11-27 05:43:20Z
859,Lord of the Flies,347,nc6Of520n8avzVC,557,2965,1995-11-09 18:38:31Z
860,Ulysses,15,RbgsB8pqTPuRj5m,2687,651,2006-04-26 17:01:14Z
861,Moby Dick,190,YnCnnhgiJ0aow8N,8455,4387,2020-04-14 06:06:30Z
862,Game of Thrones,31,cH84rIwwwEDIE9U,281,732,2014-10-02 15:34:25Z
863,Don Quixote,140,zR4p2D8F1Tjjgom,8312,2131,2001-12-27 01:38:34Z
864,Oedipus,424,I0h6IUzenT0Jnwc,8893,3631,2015-04-05 22:11:48Z
865,One Hundred Years of Solitude,206,yWg7QMWerGbwyVH,8382,3808,1991-04-20 18:55:15Z
866,The Lord of The Rings,256,9D7eV0kgBnbtjmW,5559,1419,1998-04-20 18:08:02Z
867,Anna Karenina,498,nim8NJ9iJH1g4Ss,202,3273,1993-08-10 13:23:08Z
868,Robinson Crusoe,300,hNYehqchdxDU6t2,3634,1837,1991-03-08 01:17:36Z
869,Oedipus,44,cPjPJBcw1Q6Euzp,4537,4362,2011-10-15 13:22:42Z
870,The Odyssey,489,vRwuNWDF9zI5O8b,2946,2630,1990-03-31 00:11:03Z
871,Pride and Prejudice,330,IgrkNlBUWmRx7XQ,2484,2114,2015-01-25 03:56:14Z
872,The Metamorphosis,453,bdbYDXso4wmnNgw,8441,2449,2020-01-08 11:45:18Z
873,Invisible Man,85,d4PvkY3CZgmPGwM,9790,4755,2010-04-05 22:21:01Z
874,Les Misérables,368,Ctn7qAuzldT7exm,1307,1227,1990-10-03 17:12:07Z
875,The Handmaid's Tale,130,qES8hHUlJJLNB6b,2076,176,2011-01-25 15:01:45Z
876,Ulysses,410,sLUftURHmbd73YB,1983,3559,1998-04-11 20:09:47Z
877,Nineteen Eighty Four,292,kLxyrhaje3PkxNl,6092,1310,2017-02-01 00:33:45Z
878,Gone With the Wind,494,iyAd8v3mBYluU5g,5780,2886,1995-10-11 19:58:03Z
879,War and Peace,403,O8GomSvuyCMP9qE,4570,4099,2008-08-04 06:13:10Z
880,Moby Dick,236,RquRcX3j54Awe2G,2703,1597,1997-12-22 15:45:41Z
881,Don Quixote,341,g2ftDYwZmBfz82A,3043,1859,2019-01-25 10:15:19Z
882,Pride and Prejudice,451,jksU78gavI9NY6o,8456,900,1994-07-02 11:22:44Z
883,The Brothers Karamazov ,23,IYS6R0P2Wg86IUE,8302,2190,1993-01-14 13:44:40Z
884,The Brothers Karamazov ,327,mWsFRHylIkhk5oB,2486,2878,2006-02-04 06:37:40Z
885,To the Lighthouse,5,ffGTERJOWJtqkiv,9689,3753,2006-10-30 21:49:20Z
886,The Handmaid's Tale,373,ILZ0BOZU7MVNjKy,7535,1599,2020-12-04 08:10:25Z
887,Anna Karenina,481,aqyhgGvjp3v8Iob,1281,4975,2019-08-23 19:45:28Z
888,The Scarlet Letter,170,Mx6wl08aT6N9JNq,8997,1122,1996-01-17 14:39:18Z
889,Ulysses,98,pG21WOkadLVmujT,1659,3614,2011-09-24 10:26:01Z
890,The Red and the Black,334,R4SClk1jBYlQqs9,6045,1024,2012-10-11 11:43:47Z
891,To Kill a Mockingbird,302,6U3B380WKual6EL,9900,4203,2009-01-26 14:19:12Z
892,Don Quixote,152,nbtFQsfK1dSWsri,9652,2935,1995-06-29 00:25:30Z
893,The Scarlet Letter,60,ChBtqILdXxBQkK3,5874,3215,2010-08-28 13:33:07Z
894,War and Peace,353,cRRnBJLrxYTqiO8,8276,217,2011-02-28 22:54:32Z
895,David Copperfield,219,8xqkYw5q9YzibYe,1669,1669,1996-04-11 02:13:51Z
896,The Magic Mountain,244,VVpzh3IsJv0T0Ui,7942,4660,2016-11-09 16:19:16Z
897,Oedipus,338,gaifoscdirSVOt6,4000,3969,2016-10-21 15:40:47Z
898,The Handmaid's Tale,38,nzvZKWK5MmpIY8X,4827,30,2011-07-09 06:16:35Z
899,In Search of Lost Time,491,TE9c4dlC25W4p2T,3010,522,2002-04-10 17:05:42Z
900,Gone With the Wind,297,hZZXp9gTdF0bVK4,2615,2301,2008-11-04 13:47:11Z
901,The Great Gatsby,34,rlqXL3zbQudbCeG,9352,215,2001-01-15 14:52:48Z
902,To Kill a Mockingbird,216,8HLITeIvYfVrv8l,3401,2100,2009-11-29 14:34:40Z
903,Tess of the d'Urbervilles,366,2vWphbkJP3KsQ9v,5178,4752,1993-11-07 22:04:55Z
904,David Copperfield,398,U7aAMPKOtGYTW7z,5933,1592,2015-04-18 08:05:48Z
905,The Metamorphosis,128,VVoHrdrwxL7CrGb,3898,4480,1992-06-14 15:25:36Z
906,Tess of the d'Urbervilles,335,YiHgpQjk8srFohI,4737,3802,1991-01-26 07:34:07Z
907,Vanity Fair,460,Hd2ZcBJLneqQij6,350,2594,1997-01-11 13:58:18Z
908,The Grapes of Wrath,13,w0vl3YSQh9n9Cw0,1147,2822,2015-11-11 12:03:35Z
909,The Brothers Karamazov ,140,k3y9xWhZlHcGjrZ,2589,3950,2000-09-10 04:08:15Z
910,The Red and the Black,290,3PpGCJw6axjLrEY,5046,4520,1990-03-26 13:02:51Z
911,The Handmaid's Tale,340,RZJjusY0BpT5uIQ,4984,1279,2015-12-20 03:01:18Z
912,Pride and Prejudice,261,sLYzTIq2rSjXr3k,315,1142,1991-03-30 21:32:30Z
913,Vanity Fair,74,nXofUMsiWR3bXV2,799,3529,2000-07-17 18:36:36Z
914,Anna Karenina,375,ilpx69WbATCucpm,3570,3359,2020-12-04 17:11:05Z
915,To Kill a Mockingbird,226,MqV7PNswgcmF3pZ,7717,2839,1990-05-21 19:51:06Z
916,Wuthering Heights,296,ZZF8Hn29ouJcHkB,1056,1175,1999-04-06 12:30:17Z
917,The Sound and the Fury,289,srQNLLP5U1F5hKO,6006,726,2010-04-21 10:56:19Z
918,Lolita,104,SLh4ljj0SjzWR1Z,6993,3992,2002-09-24 18:48:35Z
919,Hamlet,332,e6ArY1z2P9e8CnR,6508,1763,2013-10-06 00:47:20Z
920,David Copperfield,406,6ut6pif4mQfD8l2,1788,4904,2004-07-09 16:34:21Z
921,Ulysses,443,XDgudEjOTwHD6p4,1569,1619,2013-06-07 01:51:41Z
922,The Sun Also Rises,296,TDdjCUoHbJ1V3Jx,341,4256,1991-03-22 00:11:15Z
923,The Odyssey,275,5fETXzS5L0cMrAe,5395,4475,2010-10-12 15:40:53Z
924,Game of Thrones,156,BAgsNzoUUcehE8B,2781,1403,1994-04-29 05:39:29Z
925,To the Lighthouse,473,FBWeIhlKo0MCS0H,864,489,2006-07-05 12:08:43Z
926,Moby Dick,234,Zj1XXhqaylDaq0U,5150,3966,2012-11-05 06:49:40Z
927,Tess of the d'Urbervilles,460,saJDHI8RM2i65RJ,2143,3081,2020-06-03 09:22:26Z
928,The Scarlet Letter,209,bOvAtZbWwioI7Oe,5567,1376,2016-05-04 07:50:32Z
929,Alice Adventures in Wonderland,452,ZOnfq2QeddAsyWI,2414,4388,2013-12-26 11:46:23Z
930,Emma,66,L9HZJhIY2UUWvF3,7511,2436,2006-01-06 01:10:39Z
931,Invisible Man,257,pMIlaFBUfHGcgjc,1198,4705,2000-07-02 01:08:22Z
932,Madame Bovary,497,WJ8ACQUGcPdbNA6,7037,1538,2016-06-24 22:48:13Z
933,The Lord of The Rings,317,WLBYH0kyHLMwbbE,9942,300,1995-07-31 00:37:12Z
934,The Great Gatsby,59,PH9nvSYpuqgmzA2,2068,1292,2017-06-23 09:20:15Z
935,The Grapes of Wrath,111,ePO05nNBaTEwRHN,8138,2609,2012-10-01 11:26:05Z
936,Gulliver's Travels,415,P9L8vvws1O3eXhb,4694,126,2007-02-03 15:05:18Z
937,The Flowers of Evil,114,lECD4mtiIja91up,4460,1310,2010-04-07 13:12:31Z
938,Robinson Crusoe,314,zRFPe3azgduj3sr,8720,463,1993-12-23 15:44:54Z
939,Invisible Man,274,jsVGYbsiqNbNwzW,2392,3296,2012-01-08 16:53:29Z
940,The Old Man and the Sea,89,wtiwfE1mr2tfhIx,255,1969,2015-03-11 21:03:20Z
941,Tristram Shandy,252,4Ct3BDMDCdhjX0p,2143,2391,2015-11-27 13:44:19Z
942, Oedipus at Colonus,160,zG1pUGjCzUNotvL,8455,2818,2005-10-26 18:40:02Z
943,The Grapes of Wrath,283,aLskbOurK0s4wJX,8591,4782,2004-07-05 09:41:14Z
944,Don Quixote,97,6bR8CPfXRygaemf,1295,3990,1992-05-08 14:03:46Z
945,The Grapes of Wrath,433,YqLo1NlSUR9wJJQ,7190,2263,2010-06-21 10:25:04Z
946,The Magic Mountain,367,3PbUnnlFY6j3S0l,6474,765,2011-04-30 12:12:08Z
947,One Hundred Years of Solitude,414,W8hWLYTjwI6SYZ3,9724,3296,2012-09-25 04:34:49Z
948,The Good Soldier,136,711AUviDkXZFWFR,4131,3450,1992-10-05 08:46:44Z
949,Wuthering Heights,279,MOQr1d758wrjeUY,9894,4031,1997-02-07 02:21:53Z
950,Pride and Prejudice,165,g2XTeedwgmTowDD,6867,2866,2009-12-16 10:25:17Z
951,The Lord of The Rings,259,wFSGjjo9oN3tzeK,4560,2111,2005-11-16 00:10:56Z
952,Anna Karenina,337,m5uhfsbiB0WkOMY,9101,1074,2017-02-17 14:38:26Z
953,Tess of the d'Urbervilles,159,NMZLC5SfilZpKyB,1456,1350,1996-05-09 15:51:52Z
954,Madame Bovary,447,6PBkxSUgOulhVGh,4058,3104,2013-02-05 08:47:58Z
955,The Sound and the Fury,266,OGLsVcwAauSd5BU,5011,983,1997-02-01 01:10:54Z
956,Gone With the Wind,137,qCtxCIhp4Gsxelk,9795,354,2004-03-30 16:10:46Z
957,Hamlet,320,lYROJj4olpzfqmo,7317,4395,2018-01-18 01:23:21Z
958,Moby Dick,111,z3mPAsMXeoYHZu3,3801,511,1990-01-01 10:06:07Z
959,The Lord of The Rings,49,3WZs0RsnRYKcUhU,8985,4636,2002-08-23 06:19:50Z
960,Emma,250,P89f8Y3GFKxs3k9,3462,489,2014-05-10 00:06:42Z
961,The Scarlet Letter,150,izwGhs0UPm0Ku1v,7389,1221,2002-04-17 06:04:17Z
962,In Search of Lost Time,414,aS5DLi0KwApaqMS,3551,1937,1998-01-27 19:32:05Z
963,Hamlet,215,PdUCvsaKABAVxlo,6495,3871,2002-04-20 10:04:09Z
964, Oedipus at Colonus,220,Fh6C4yc8tY2pj1g,873,2271,2000-10-12 19:39:24Z
965,The Lord of The Rings,426,eutlDKp7QLCOeyq,5221,1807,2007-04-10 00:16:55Z
966,Gulliver's Travels,465,EwPS9tUZBaqcRKM,4033,4091,1992-02-21 10:35:29Z
967,In Search of Lost Time,311,BRvydHXY4jyoyx1,6774,1120,2019-10-03 17:00:48Z
968,Ulysses,179,YVJJNMfUagKOBN4,8526,1461,2010-08-02 00:46:52Z
969,Madame Bovary,258,Xl7YNoshxN4XdT7,1578,916,2002-06-11 05:22:07Z
970,Paradise Lost,288,zcTGdVwBd5zvhPy,2952,3405,2012-05-22 22:21:00Z
971,The Old Man and the Sea,417,bhUe0YnFYtBI53i,2377,949,1990-07-07 04:25:27Z
972,War and Peace,270,Z3WGipIRjsn2iJ0,9437,3151,2016-01-25 19:26:02Z
973,The Sun Also Rises,63,3YIdxVxqXx94ldR,849,2123,1998-01-02 10:26:24Z
974,Nineteen Eighty Four,14,9FVEjlnMe3vdraL,3304,4724,2014-03-25 00:14:04Z
975,Gone With the Wind,124,PcVuZLlErkWIYcQ,2262,353,2013-06-13 13:29:00Z
976,The Sound and the Fury,3,joO5epXC6azFlO1,2257,95,2018-04-05 18:03:51Z
977,Wuthering Heights,146,x1ph7feDOacvFKQ,1006,1988,2000-01-10 12:24:41Z
978,Gone With the Wind,186,p9NgjlMuIOWbDzI,4233,2711,2004-03-07 08:35:39Z
979,Don Quixote,231,vDvxauU5kOeAiu8,9251,2317,1991-02-23 15:19:31Z
980,Lolita,364,MRQ3A7U7rfhbcyx,7757,46,2015-02-04 07:45:12Z
981,Gone With the Wind,407,jpig4i9z5CUigJ0,3222,4800,1998-03-27 06:46:29Z
982,The Grapes of Wrath,155,fHpQogN7gncqNbb,4183,2002,2012-03-28 15:35:23Z
983,Don Quixote,127,QmJdVf6vTiWCZPS,3384,1511,2012-01-23 01:47:53Z
984,Oedipus at Colonus,232,m2g01EyZ4X1YnfC,8784,2249,2008-03-21 19:08:07Z
985,Tess of the d'Urbervilles,198,BKGXX3TUVMJhlzp,723,3473,2005-08-15 03:26:39Z
986,Gone With the Wind,422,pzPznNC5Vvdepvr,4381,2564,2008-05-11 00:30:11Z
987,Madame Bovary,484,bDwfKn8ZsdUahHE,6905,551,1999-02-26 06:48:45Z
988,Alice Adventures in Wonderland,164,9S9Dn1nBoL1yv0s,8747,1388,2001-06-28 08:44:01Z
989,Wuthering Heights,167,KTb35O4pMUsxMLk,3366,2719,1992-12-03 10:40:14Z
990,Paradise Lost,156,S0YZAbaWTo8yuM8,7016,4007,2013-03-23 11:39:28Z
991,The Great Gatsby,26,fqqBxojoFfAIDhy,9071,1075,2014-04-16 21:24:07Z
992,The Scarlet Letter,186,zIjYn6t9zPx2tTa,6165,3535,2012-11-26 22:52:17Z
993,The Flowers of Evil,31,5K9zS3hn4QT03OQ,9350,3615,2000-12-08 11:10:52Z
994,The Magic Mountain,324,FkxJPqIVEFEoNoG,4315,480,1999-03-15 14:51:36Z
995,Vanity Fair,228,gXbxQhwjLpg4Oft,2848,4752,2014-06-24 21:14:44Z
996,To Kill a Mockingbird,292,CRm4a2QXBpIQwy3,8646,4090,1998-10-15 11:52:58Z
997,Oedipus,372,15WApFrKrrxYfom,3677,3451,2018-08-07 06:28:13Z
998,The Old Man and the Sea,119,7dD4G8O5lUhu9D2,5985,1464,2000-05-27 11:26:33Z
999,The Brothers Karamazov ,207,XNM4z8rNfvqYhlK,6013,976,2004-03-15 18:11:03Z
1000,The Brothers Karamazov ,449,mSyT9Jtoq9Dqr3D,4097,4691,2018-02-07 02:01:58Z
1001,Maelstrom,1,https://329115.smushcdn.com/1777109/wp-content/uploads/2019/08/Maelstrom-1.jpg?lossy=1&strip=1&webp=1,50,150,2018-08-18
1002,Etain,1,https://329115.smushcdn.com/1777109/wp-content/uploads/2020/06/Etain.jpg?lossy=1&strip=1&webp=1,50,150,2020-06-15
1003,Nyx,1,https://329115.smushcdn.com/1777109/wp-content/uploads/2019/12/Behemoth-scaled.jpg?lossy=1&strip=1&webp=1,55,200,2019-12-06
1004,Echo,1,https://329115.smushcdn.com/1777109/wp-content/uploads/2019/12/Echo-1.jpg?lossy=1&strip=1&webp=1,50,150,2019-12-06
1005,The Lost World,1,https://329115.smushcdn.com/1777109/wp-content/uploads/2020/08/The-Lost-World.jpg?size=1060x1060&lossy=1&strip=1&webp=1,30,100,2020-08-12
1006,Trail,1,https://329115.smushcdn.com/1777109/wp-content/uploads/2020/08/Trail.jpg?lossy=1&strip=1&webp=1,35,125,2020-08-12
1007,Surf Study V,1,https://329115.smushcdn.com/1777109/wp-content/uploads/2020/07/Surf-Study-V.jpg?size=1060x1060&lossy=1&strip=1&webp=1,50,150,2020-07-11
1008,Meresig VI,1,https://329115.smushcdn.com/1777109/wp-content/uploads/2020/04/Meresig-VI-1.jpg?lossy=1&strip=1&webp=1,10,50,2020-04-01
1009,DARK HORSE I,2,https://e7408954c845bc4590e1-ac57eb289d209368b7559da619006a9c.ssl.cf1.rackcdn.com/DARK_HORSE.jpg,70,250,2018-04-01
1010,DARK HORSE II,2,https://e7408954c845bc4590e1-ac57eb289d209368b7559da619006a9c.ssl.cf1.rackcdn.com/JCP_2273-chritchley-web.jpg,70,250,2018-04-02
1011,Sea Sailing,2,https://e7408954c845bc4590e1-ac57eb289d209368b7559da619006a9c.ssl.cf1.rackcdn.com/JMC_4120-chritchley-web2.jpg,50,100,2020-05-20
1012,Untitled,3,https://i0.wp.com/gregorycolbert.com/wp-content/uploads/2018/01/30.jpg?fit=1000%2C828&ssl=1,100,1000,2021-01-25
1013,Shell and Child,3,https://i0.wp.com/gregorycolbert.com/wp-content/uploads/2018/01/15.jpg?fit=1000%2C568&ssl=1,80,800,2021-01-25
1014,Sea Angels,7,https://timflach.com/work/endangered/slideshow/#,530,2000,2020-11-25
