1,Rachael,TALIBART,067289899
2,Jonathan,CHRITCHLEY,067212199
3,Gregory,COLBERT,077012599
4,Peter,JACKSON,077452599
5,Frederic,FRED,077452511
6,Jeanne,BILL,017452541
7,Tim,FLACH,010452541
8,Jules,Parent,0710946512
9,Charles,Faivre,0461029815
10,Jeannine,Mary,0341096581
11,Henri,Lelievre,0107260983
12,Lucy,Dupuis,0849510127
13,Maurice-Théodore,Clerc,082407561
14,Sébastien,Royer Le Ledoux,081364957
15,Margaret,de la Guillaume,0579101083
16,Brigitte,Ruiz,0410768053
17,Benjamin,Didier Le Leveque,0034261075
18,Charlotte,Parent,0549631020
19,Suzanne,Paul,0963100218
20,François,Auger,0354810702
21,Éric,Munoz,0341710285
22,Michel,Regnier,0657391040
23,Jacques,Pruvost,0910801734
24,Frédérique,Lefevre,0456237108
25,Marthe,Bouvier,0510243179
26,Joséphine,Boulay,0821065470
27,Jules,Sanchez,045106937
28,Laure,Parent,0948362107
29,Sabine,Lecomte,0125371084
30,Émilie,Lecomte de Alves,035274608
31,Frédéric,Becker,0872956131
32,Émilie,Gerard,0107189402
33,Jeannine,Faivre-Muller,0039815610
34,David-Émile,Guyot,0293100864
35,Guillaume,de Legros,0710451086
36,Maurice,Hamel-Begue,0348297105
37,Pierre,Legros,091057823
38,Isabelle,Imbert,048362759
39,Nathalie,Laurent-Vallee,0583297141
40,Marc-Bernard,Philippe,0265491731
41,Louis,Delattre,0124895103
42,Odette,Maillard-Dijoux,0731086052
43,daisy,Breton de la Maurice,0181046359
44,Jeanne-Thérèse,Schmitt,0291060843
45,Tristan,Blanchet,0861031749
46,Denise,Chevallier du Raynaud,053927041
47,Alphonse,Mendes,0786024910
48,Aimée,Didier,0451603271
49,Laetitia,Faivre,0493701012
50,Suzanne,Morvan-Duhamel,040356897
51,Eugène,Albert,0910486571
52,Charlotte,Leblanc,0367189201
53,Émile,Salmon,0102934817
54,Éric,Bodin,0860945110
55,Pierre,Vincent-Martin,0649010782
56,Véronique,Descamps-Leroux,0640105738
57,Bernard,Cordier,0974102861
58,Josette,Blondel-Lecoq,0849101250
59,Vincent,Normand,0710124598
60,Andrée,Michel,0104239078
61,Philippine,Antoine,001658927
62,Théodore,Fouquet,0031285106
63,Anaïs,Giraud,0146100978
64,Marcelle,Brun,0489610253
65,Susan,Neveu,0653941107
66,Margaud,Bernard,0310245706
67,Marguerite,Tanguy,0103250689
68,Margaret,Picard,0592160108
69,Gabrielle-Alice,Delannoy,0357041102
70,Nicolas,Leconte,094538126
71,Camille,Vasseur,0104023769
72,Emmanuel,Rodrigues,0106258471
73,Laurent-André,Perrier,0010619527
74,Valentine,Mallet,0286537410
75,Emmanuel,de Valette,0601028497
76,Anaïs,Joly,0109465180
77,Clémence,Carlier,097064853
78,Amélie-Colette,Fournier,0286341100
79,Charlotte,Roy,0176348201
80,Vincent,Poulain,0101320687
81,Théodore,Costa,0362781105
82,Manon,Denis,0121008635
83,William,Lenoir,0390541106
84,Victor,Marques,0612104758
85,Frédérique,Le Dumas,0926810340
86,Pierre,Renard-Mallet,027496530
87,Charles-Isaac,Rousseau,0680109372
88,Nath,Neveu de Thibault,0251049013
89,Alexandre,Schmitt,0064971231
90,Victoire,Carlier,0010435981
91,Nicole-Inès,Lagarde,0921537461
92,Édouard-Pierre,Rolland,0705410219
93,Stéphanie,Joubert,0110479862
94,Gilbert,Pons,0317249510
95,Camille,Pineau,0137864921
96,Bernadette,Parent,0107832604
97,Tristan,Carlier du Monnier,0310820647
98,Simone,Besnard de Laine,081729546
99,Thérèse,Barbe,0380741096
100,Frédéric,Buisson,0214103907
101,Anouk,Parent,073258014
102,Arthur-Léon,Turpin,0740268109
103,Nicolas,Guichard,0981063027
104,Denis,Dupre,001973546
105,Caroline,Joly,0810402573
106,Adrien,Petitjean,0107320461
107,Frédéric-Jacques,Roussel,0469720310
108,Augustin,Albert,054627103
109,Capucine,Guillou,087921543
110,Franck,Gallet,0105738624
111,Timothée-Jules,Julien,0610374291
112,Éric,Bouvier,0021938510
113,Alfred,Guillon,0471052960
114,Capucine,de Tanguy,094083216
115,Corinne,Marechal,0837195100
116,Maggie,Martin,084963157
117,Auguste,Lefort-Dumont,0478151096
118,Constance,Georges,097816302
119,Maryse,du Vallee,0756901310
120,Émile,Da Silva,0531072810
121,Alexandre,Francois,0892341105
122,Antoine,Morin,0103906741
123,Claudine-Alexandria,Lacombe,0703859610
124,Patrick,Hamon,0581032017
125,Olivie-Christiane,Loiseau,028091765
126,Augustin,Gomez Le Barre,0807524310
127,Édouard,Payet-Pineau,0543621781
128,René,Samson,094276831
129,Arnaude,Le Rocher,069513872
130,Honoré,Dias,0625108741
131,Théodore,Alves,0103129865
132,Dorothée,Ledoux,0100378549
133,Océane,Legendre,0237085411
134,Monique,Ribeiro,0106724913
135,Pénélope,Hoareau,0841025106
136,Agnès,Perrot-Lecoq,0682359010
137,Christophe,Payet-Navarro,0698110024
138,Alain,Camus,092574168
139,Pierre,Vallet,0452713109
140,Suzanne,Jacquot,013946250
141,Théodore,Lelievre,0861752100
142,Brigitte,de Duhamel,0620891053
143,Chantal,Ferrand,0189310746
144,Isabelle,Dupre,037625891
145,Laurent,Couturier,0351048912
146,Théophile,Bonneau,0651031027
147,Antoine,Barthelemy,0054371026
148,Jeannine,Pasquier,059607283
149,Jeannine,Ollivier-Francois,0194670105
150,Élisabeth,Dufour,017950246
151,Éléonore,Colin,0537289104
152,Gabrielle,Pottier,0680711054
153,Luc,Lefort,0578921043
154,David,Payet,0102105846
155,Laure,Hoareau,0810594721
156,Antoine,Colin,0308759110
157,Théodore,Boucher de la Salmon,0614907810
158,Léon,Breton,0189100537
159,Susanne,Paris-Delannoy,017038546
160,Marine,Rodriguez,0210759368
161,Anaïs,Launay,0371010596
162,Benjamin,Barthelemy,0804921013
163,Daniel,de Laporte,070983651
164,Agnès-Monique,Lebon,0587610901
165,Cécile,Jourdan,0910823751
166,Luce,Bailly-Martinez,057468302
167,Pauline,Da Costa,031049752
168,Nathalie,Simon,0254110980
169,Martine,Charles,0467210381
170,Étienne,Lopez,0410310579
171,Gilles,Voisin,086523019
172,Lucy,Labbe,0348161029
173,Guillaume,Charrier,0276801093
174,Suzanne,Michel,0976110054
175,Matthieu,Baudry,0103456870
176,Nathalie,Louis,0210190463
177,Christelle,de la Rodrigues,0396010481
178,Jérôme,Fontaine,079380142
179,Thierry,Pascal,0916538010
180,Céline,Turpin,0387462010
181,Jacques,Buisson,021639475
182,Paulette,Techer,0068519102
183,Valérie,Marques,0967820131
184,Marcel,Maurice,057263489
185,Alphonse,Garcia,0068109453
186,Guy,Breton,0673102491
187,Jacques,Martins-Ollivier,0052473891
188,Rémy-Matthieu,Traore,0382610590
189,Geneviève-Victoire,Michaud,0109725310
190,Anouk,Lejeune-Delaunay,0654870121
191,Grégoire-Olivier,Muller,0310098651
192,Suzanne,Masse,0567108109
193,Augustin,Le Maurice,030528619
194,Arnaude,Texier,0854207910
195,Xavier,Gerard-Imbert,001956238
196,Éric,Gerard,0510762041
197,Julien,Marques,0810410327
198,Théodore,Huet,0328691017
199,Jules,Thierry-Gauthier,0910536128
200,Margaud,Foucher,074251968
201,Luc,Michel Le Besnard,0956172104
202,Jeanne,Delannoy de la Poulain,0398061017
203,Étienne,Couturier,0810741035
204,Constance,Albert,0658101249
205,Sébastien,Colin,0695201087
206,Isaac,Le Roux,0987101306
207,Aurore,Loiseau de la Clerc,0610892305
208,Cécile,Marie,0941031205
209,Lucy,Francois de la Delannoy,094356281
210,Louis,de la Albert,0071468105
211,François,Dupuy,0760104312
212,Jeannine-Lorraine,Charrier,052683907
213,Gérard,Martineau,0926574311
214,Marc,Gaudin,0078513410
215,Zacharie,Morvan,078132690
216,Michel,Fernandez Le Michel,0910134876
217,William,Pelletier,0756921038
218,Théophile,Benoit,0058911023
219,Jérôme,Tanguy,0654391801
220,Martine,Jourdan de la Duhamel,0910132865
221,Victor,Leclercq,087614920
222,Aimé-Éric,Michaud,0381016970
223,Étienne,Collet,0710462098
224,Olivier-Augustin,Menard,0010586492
225,Aurélie,Charpentier,0100713458
226,Claude,Brunel,0487261310
227,Corinne,Arnaud-Brunet,075923860
228,Laurence,de la Bouvet,0631070918
229,Frédéric,Becker du Martinez,0109471650
230,Charles,Meyer,095481706
231,Jérôme,Barbier,0694210157
232,Robert-Alfred,Lelievre,0378916451
233,Brigitte,Salmon,0210487095
234,Raymond,Royer,0836921007
235,Emmanuel-Jules,Guibert,0101925308
236,François-Alexandre,Colas,080327645
237,Charlotte-Luce,Pottier,0761012459
238,Aurore-Isabelle,Vidal,081546327
239,Geneviève,Giraud,0241080369
240,Agathe-Laurence,Daniel,0107294368
241,Gilles,Bazin,0721310690
242,Georges-Adrien,Goncalves,0971510463
243,Éléonore-Pénélope,Poulain,0417953201
244,Olivie,Allain,006439812
245,Marianne,Gosselin,0105249738
246,Marthe,Brun,064130297
247,Alphonse,Leclerc,0693758210
248,Véronique,Samson,0341010586
249,Hélène-Susanne,Gaillard,017034952
250,Bernard,Royer,0140571032
251,Aimée,Berthelot,098671324
252,Philippe,Clerc Le Le Goff,0310840769
253,Claude,Ledoux,0796101502
254,Thierry,Hernandez,098152304
255,Paul,Foucher,0491053062
256,Gérard,Deschamps du Bernier,096534107
257,Zacharie,Berthelot de la Dos Santos,0258491001
258,Margaud,Brunet,0891345010
259,Alice,Gregoire,0571826341
260,Raymond,Gerard,0793512410
261,René,de Ruiz,0743561108
262,Charles,Lemonnier,0701834961
263,Emmanuelle,Gomez du Martins,0810312467
264,Martin,Lejeune,0469108305
265,Victor,Legrand,0578961104
266,Étienne,Lecomte,0510278390
267,Victoire,Le Denis,0597101862
268,Valentine-Océane,Philippe,0753108146
269,Virginie,Leblanc-Lombard,037851946
270,Michel-Paul,Hamel,080249671
271,Lorraine,Brunel,0105194072
272,Georges,Evrard,0561872010
273,Lorraine,Benard,0608910572
274,Émile,Carpentier-Begue,0958310741
275,Virginie-Inès,Navarro,0643708510
276,Philippe,Coulon-Pinto,0730109481
277,Charles,Buisson,0671240910
278,Éléonore-Emmanuelle,Guillaume,0679510428
279,Valentine,Fischer,0637549100
280,Alain,Carre du Muller,0261804310
281,Capucine,Aubry,0171096408
282,Patrick,Maillot,0984161070
283,Adélaïde-Isabelle,Faure,043126709
284,Aimé-Benjamin,Reynaud,0102170964
285,Marianne,Blanchet Le Charpentier,0502410936
286,Guillaume,Michel,002486351
287,Yves,Renault,0217459103
288,Anastasie,Delorme,0069731105
289,Frédérique,Ollivier,0187103452
290,Théodore,Moulin,0104687520
291,Maurice-Thierry,Bousquet,0306910182
292,Tristan,Briand de la Lenoir,0153410678
293,Véronique,Masson,0810970623
294,Sophie,de Valentin,0103609841
295,Marine,Sauvage-Rousset,0857410029
296,Alphonse,Jean,0864791010
297,Paul-Tristan,Leroux,072083415
298,Emmanuel,Chauvin,0124079510
299,Manon,du Rocher,065721934
300,Antoinette-Geneviève,Marin,0384511002
301,Henri,Lagarde,0161074859
302,Étienne,Roussel,069245173
303,Nath,Charles,0153108047
304,David-Alfred,Lacroix,0079103851
305,Lucas,Descamps,003457961
306,Véronique,Royer,0091018374
307,Éléonore,Vallet du Hoarau,0381007291
308,Bernard,Gregoire,0108476215
309,Colette,Faivre de Bazin,0386210974
310,Marie-Arnaude,Vincent,0142576108
311,Gabriel,Menard,086537914
312,Anastasie,Verdier,002371564
313,Lorraine,Loiseau de Bigot,0962103105
314,Théodore,Leclerc,042376098
315,Alphonse,Masse,0974213081
316,Bertrand,Fontaine,0719603102
317,Raymond,Lopez,0291015784
318,Laurent,Bouvet,0150107236
319,Eugène-Léon,Martin,0101034768
320,Patricia,Guillou,0810296740
321,Augustin,Gaudin,0821694701
322,Julien,Olivier-Blondel,0914685103
323,Alfred,Petitjean,032987651
324,Marine,Richard,0153071062
325,Thierry,Godard,0915821004
326,Alain-Étienne,Pages,0640511093
327,Jules,Masse de la Renard,0211035074
328,Marthe,de la Pottier,0101058274
329,Alexandre,Remy-Leroux,0710643928
330,Geneviève,Andre,0968705102
331,Paulette,Morvan,0801014396
332,Guy,Merle-Buisson,0651831070
333,Alex,Bourgeois,0750910618
334,Marie,Jacques,0181004729
335,Pierre,Leroy,0107324698
336,Aimé,Dias,0057986110
337,Henriette,De Oliveira,0125910803
338,Thierry,de Lesage,0604710213
339,Michel,Techer,0430982510
340,Honoré-Alfred,Marechal,0109463028
341,Nathalie,Lacombe-Chevalier,053049218
342,Sébastien-Marc,Ferreira,0591104263
343,Denise,Legrand,0724583109
344,Joseph,Guillou,0498105367
345,Patricia-Alexandrie,Dupuy,025807491
346,Margaux,Jacquot-Valentin,015290347
347,Jeanne,Le Roux de Charles,0841059012
348,Brigitte,Pineau,074856091
349,Alfred,Lopes,039420816
350,Matthieu,de la Cohen,0010852193
351,Julie,Gautier Le Gonzalez,058029647
352,Madeleine,Pereira,0963102174
353,Aurore,Lagarde,0168109405
354,Véronique,Fleury Le Jourdan,0274381601
355,Charles,Marchand de la Meyer,0527610419
356,Aimée-Charlotte,Bousquet,0736910510
357,Joseph,Charpentier-Collet,0120781056
358,Marcel,Alexandre,015240796
359,Aurélie,Le Roux de la Allain,0121069473
360,Arnaude,Vasseur,0410695870
361,Marie,Le Roux-Lombard,0037610928
362,Aimé,Boulay,0816370104
363,Andrée,Leclerc-Menard,0217504681
364,Constance-Juliette,Lambert,0324971810
365,Lucy,du Olivier,0910104532
366,Guillaume,Guibert du Deschamps,0621057184
367,Alexandre,Turpin,053609174
368,Aimée,Monnier,0106580947
369,Auguste,Masse,0108795260
370,Agathe,Brun,0751610942
371,Christiane,Leduc,0720101396
372,Maurice,Petitjean,0986721053
373,Christelle,de Bernier,0084397110
374,Jérôme,Chauvet,0834529171
375,Maggie,Moreno de Durand,027589601
376,Théophile,Berger,0100739624
377,Richard,Lefebvre,0217649810
378,Aurore,Legendre,0678031015
379,Olivier,Renaud,0712310984
380,Suzanne,Chevalier du Torres,0910521068
381,Adrienne,Faure de la Leger,0184610057
382,Agnès,Cordier,086902753
383,Pierre,Martins-Lombard,0724381059
384,Victor,Le Weber,072651094
385,Margaud,Bouvier-Bodin,0942651008
386,Xavier,Parent,019203687
387,Olivie-daisy,Le Goff,0701210645
388,Aurélie,Teixeira-Ollivier,0196410280
389,Thibault,Gomes Le Mathieu,0694103572
390,Julien,Le Thibault,0821094051
391,Alexandria,Blin de Langlois,0104837056
392,Suzanne,Guilbert,0109072638
393,Manon,Simon,0712360109
394,Yves,Picard,0759861002
395,Corinne,Marechal,0317029610
396,Anouk,Jourdan,0783010512
397,Louis,Lagarde,0408631097
398,Manon,Delorme,0769058104
399,Théophile,de Perez,0289574110
400,Danielle,Schmitt,0234108607
401,Colette,du Bonneau,0103205179
402,Nicolas,Jacquet,0013971064
403,Laurent,Martel,023510647
404,Diane,Valette-Poirier,0957401023
405,Sophie,Pascal du Goncalves,062978015
406,Noël,Pascal,0954837610
407,Catherine,Vaillant de Pichon,0941852610
408,Sophie,Lucas,027364981
409,Louise,Riviere-Jacob,021865943
410,Audrey,Salmon-Richard,043608179
411,Zoé,Didier,058967320
412,Rémy,Le Godard,0071429103
413,Matthieu,Olivier du Weiss,089143675
414,Maggie,Diallo,0083110729
415,Anouk,Perez-Perret,0910076543
416,Augustin-Philippe,Guillou,0401361027
417,Maggie,Lecoq-Gillet,0850176104
418,Adèle,Fouquet-Gimenez,0927361081
419,Benoît,Hoareau,0931810764
420,Valérie,Le Goff,0021086497
421,Nicolas,Bertin,0106480579
422,Martin,du Gilbert,0104875190
423,Marc,Bertin-Aubry,0168102703
424,Marcelle,Gaillard,0153074821
425,Édith,de la Thomas,0105724386
426,Grégoire,Petitjean,0902536171
427,Jérôme,Potier,0796538101
428,Lorraine,Schmitt,053187640
429,Gilles-Alfred,Maillot,0010691723
430,Matthieu,Laine,041875603
431,Aimé,Weber,074852096
432,Andrée,Boucher-Neveu,037429150
433,Frédérique,Regnier,0100564937
434,Michèle,Lecoq,0146730108
435,Laurence-Élisabeth,Hernandez,0401063517
436,Étienne,Descamps,0308102756
437,Charles,de Alves,0510829734
438,Luce,Bourgeois,075438906
439,André-Charles,Pelletier,0325101048
440,Benoît,Maillard,0810509163
441,Élisabeth-Anastasie,Hoareau,037598061
442,Brigitte-Olivie,Robert,0371010984
443,Jacqueline-Amélie,Andre,0081953271
444,Bernard,Moulin,093745261
445,Étienne,Didier,076289540
446,Élise,Moreau,065182709
447,Virginie,Brun,0297351010
448,Élisabeth,Carlier,0102467983
449,René,Joseph,0982573106
450,Marine,Vidal-Samson,025839674
451,Agathe,Poirier,0594078210
452,Julien,Dumont,0241010695
453,Aimé,Roche,031680945
454,Martin,Bouchet,0011078596
455,Marine,Bousquet,0961081234
456,Marianne,Maurice,0421680109
457,Audrey,Rey,0310591672
458,Zacharie,Chartier,023960451
459,Élise,Cordier,0126485710
460,Éléonore,Raynaud,0251091374
461,Agnès,Bigot,0810359102
462,Jeanne,Thierry,0110203847
463,Marine,Boutin,049137860
464,Laurence,Leger,008325479
465,Théophile,Perret,0310127895
466,Henri,Cordier,0100842351
467,Stéphane-Eugène,Lebon,032741089
468,Claude,Fabre,0654971821
469,Robert,Rousset Le Carpentier,0071029314
470,André,Bousquet,0384211065
471,Lucy-Martine,Traore,0541021087
472,Thibault-Alphonse,Francois,0079654311
473,Constance,Pascal,0910842106
474,Charlotte,Sanchez,0010139562
475,Sébastien,Le Humbert,0592764110
476,Alfred,Paul,0406581103
477,Margaud,Pons,0206349510
478,Guy,Pinto,0893104721
479,André-Denis,Dupuy,0258349106
480,Laure,Delannoy,0034528711
481,Virginie,Leveque,0210634507
482,Madeleine,du Huet,0130861042
483,Virginie,Vincent Le Guillon,027403198
484,Frédérique,du Gauthier,0410610795
485,Zacharie,Mary de la Sauvage,0810127640
486,Roland,Nicolas,0376010492
487,Emmanuel,Rousset,021394065
488,Aurore,du Dufour,0104910586
489,Sébastien,Antoine,0687043151
490,Gilbert,Coulon,0380411025
491,Anastasie,de Martineau,0301065271
492,Aimé-Rémy,Cordier,0680354101
493,Hélène,Barthelemy de la Pierre,0983101420
494,Capucine,Parent-Gaudin,0923607811
495,Aimé,Bigot,0125810309
496,Daniel,Marchal,0131080254
497,Victor,Aubry,0491876310
498,Guillaume,Boulanger,0625931410
499,Claude,Riou,0102760953
